--DB Version 0.106
USE [master]
GO
/****** Object:  Database [DynThings]    Script Date: 2/8/2016 12:47:48 PM ******/
CREATE DATABASE [DynThings]
 GO




USE [DynThings]
GO
/****** Object:  Table [dbo].[AspNetRoles]    Script Date: 5/1/2016 12:18:38 PM ******/
SET ANSI_NULLS ON
GO
SET QUOTED_IDENTIFIER ON
GO
CREATE TABLE [dbo].[AspNetRoles](
	[Id] [nvarchar](128) NOT NULL,
	[Name] [nvarchar](256) NOT NULL,
 CONSTRAINT [PK_dbo.AspNetRoles] PRIMARY KEY CLUSTERED 
(
	[Id] ASC
)WITH (PAD_INDEX = OFF, STATISTICS_NORECOMPUTE = OFF, IGNORE_DUP_KEY = OFF, ALLOW_ROW_LOCKS = ON, ALLOW_PAGE_LOCKS = ON) ON [PRIMARY]
) ON [PRIMARY]

GO
/****** Object:  Table [dbo].[AspNetUserClaims]    Script Date: 6/22/2016 10:00:50 PM ******/
SET ANSI_NULLS ON
GO
SET QUOTED_IDENTIFIER ON
GO
CREATE TABLE [dbo].[AspNetUserClaims](
	[Id] [int] IDENTITY(1,1) NOT NULL,
	[UserId] [nvarchar](128) NOT NULL,
	[ClaimType] [nvarchar](max) NULL,
	[ClaimValue] [nvarchar](max) NULL,
 CONSTRAINT [PK_dbo.AspNetUserClaims] PRIMARY KEY CLUSTERED 
(
	[Id] ASC
)WITH (PAD_INDEX = OFF, STATISTICS_NORECOMPUTE = OFF, IGNORE_DUP_KEY = OFF, ALLOW_ROW_LOCKS = ON, ALLOW_PAGE_LOCKS = ON) ON [PRIMARY]
) ON [PRIMARY] TEXTIMAGE_ON [PRIMARY]

GO
/****** Object:  Table [dbo].[AspNetUserLogins]    Script Date: 6/22/2016 10:00:50 PM ******/
SET ANSI_NULLS ON
GO
SET QUOTED_IDENTIFIER ON
GO
CREATE TABLE [dbo].[AspNetUserLogins](
	[LoginProvider] [nvarchar](128) NOT NULL,
	[ProviderKey] [nvarchar](128) NOT NULL,
	[UserId] [nvarchar](128) NOT NULL,
 CONSTRAINT [PK_dbo.AspNetUserLogins] PRIMARY KEY CLUSTERED 
(
	[LoginProvider] ASC,
	[ProviderKey] ASC,
	[UserId] ASC
)WITH (PAD_INDEX = OFF, STATISTICS_NORECOMPUTE = OFF, IGNORE_DUP_KEY = OFF, ALLOW_ROW_LOCKS = ON, ALLOW_PAGE_LOCKS = ON) ON [PRIMARY]
) ON [PRIMARY]

GO
/****** Object:  Table [dbo].[AspNetUserRoles]    Script Date: 6/22/2016 10:00:50 PM ******/
SET ANSI_NULLS ON
GO
SET QUOTED_IDENTIFIER ON
GO
CREATE TABLE [dbo].[AspNetUserRoles](
	[UserId] [nvarchar](128) NOT NULL,
	[RoleId] [nvarchar](128) NOT NULL,
 CONSTRAINT [PK_dbo.AspNetUserRoles] PRIMARY KEY CLUSTERED 
(
	[UserId] ASC,
	[RoleId] ASC
)WITH (PAD_INDEX = OFF, STATISTICS_NORECOMPUTE = OFF, IGNORE_DUP_KEY = OFF, ALLOW_ROW_LOCKS = ON, ALLOW_PAGE_LOCKS = ON) ON [PRIMARY]
) ON [PRIMARY]

GO
/****** Object:  Table [dbo].[AspNetUsers]    Script Date: 6/22/2016 10:00:50 PM ******/
SET ANSI_NULLS ON
GO
SET QUOTED_IDENTIFIER ON
GO
CREATE TABLE [dbo].[AspNetUsers](
	[Id] [nvarchar](128) NOT NULL,
	[Email] [nvarchar](256) NULL,
	[EmailConfirmed] [bit] NOT NULL,
	[PasswordHash] [nvarchar](max) NULL,
	[SecurityStamp] [nvarchar](max) NULL,
	[PhoneNumber] [nvarchar](max) NULL,
	[PhoneNumberConfirmed] [bit] NOT NULL,
	[TwoFactorEnabled] [bit] NOT NULL,
	[LockoutEndDateUtc] [datetime] NULL,
	[LockoutEnabled] [bit] NOT NULL,
	[AccessFailedCount] [int] NOT NULL,
	[UserName] [nvarchar](256) NOT NULL,
	[FullName] [nvarchar](50) NULL,
 CONSTRAINT [PK_dbo.AspNetUsers] PRIMARY KEY CLUSTERED 
(
	[Id] ASC
)WITH (PAD_INDEX = OFF, STATISTICS_NORECOMPUTE = OFF, IGNORE_DUP_KEY = OFF, ALLOW_ROW_LOCKS = ON, ALLOW_PAGE_LOCKS = ON) ON [PRIMARY]
) ON [PRIMARY] TEXTIMAGE_ON [PRIMARY]

GO
/****** Object:  Table [dbo].[CssIcons]    Script Date: 6/22/2016 10:00:50 PM ******/
SET ANSI_NULLS ON
GO
SET QUOTED_IDENTIFIER ON
GO
CREATE TABLE [dbo].[CssIcons](
	[ID] [bigint] IDENTITY(1,1) NOT NULL,
	[Title] [nvarchar](50) NULL,
	[Css] [nvarchar](50) NULL,
 CONSTRAINT [PK_CssIcons] PRIMARY KEY CLUSTERED 
(
	[ID] ASC
)WITH (PAD_INDEX = OFF, STATISTICS_NORECOMPUTE = OFF, IGNORE_DUP_KEY = OFF, ALLOW_ROW_LOCKS = ON, ALLOW_PAGE_LOCKS = ON) ON [PRIMARY]
) ON [PRIMARY]

GO
/****** Object:  Table [dbo].[DeviceCommands]    Script Date: 6/22/2016 10:00:50 PM ******/
SET ANSI_NULLS ON
GO
SET QUOTED_IDENTIFIER ON
GO
CREATE TABLE [dbo].[DeviceCommands](
	[ID] [bigint] IDENTITY(1,1) NOT NULL,
	[Title] [nvarchar](50) NULL,
	[Description] [nvarchar](500) NULL,
	[DeviceID] [bigint] NULL,
	[CommandCode] [nvarchar](50) NULL,
	[OwnerID] [nvarchar](50) NULL,
 CONSTRAINT [PK_Commands] PRIMARY KEY CLUSTERED 
(
	[ID] ASC
)WITH (PAD_INDEX = OFF, STATISTICS_NORECOMPUTE = OFF, IGNORE_DUP_KEY = OFF, ALLOW_ROW_LOCKS = ON, ALLOW_PAGE_LOCKS = ON) ON [PRIMARY]
) ON [PRIMARY]

GO
/****** Object:  Table [dbo].[DeviceIOs]    Script Date: 6/22/2016 10:00:50 PM ******/
SET ANSI_NULLS ON
GO
SET QUOTED_IDENTIFIER ON
GO
CREATE TABLE [dbo].[DeviceIOs](
	[ID] [bigint] IDENTITY(1,1) NOT NULL,
	[DeviceID] [bigint] NULL,
	[IOTypeID] [bigint] NULL,
	[Valu] [nvarchar](250) NULL,
	[TimeStamp] [datetime] NULL,
	[ExecTimeStamp] [datetime] NULL,
	[ScheduleTimeStamp] [datetime] NULL,
 CONSTRAINT [PK_DeviceIOs_1] PRIMARY KEY CLUSTERED 
(
	[ID] ASC
)WITH (PAD_INDEX = OFF, STATISTICS_NORECOMPUTE = OFF, IGNORE_DUP_KEY = OFF, ALLOW_ROW_LOCKS = ON, ALLOW_PAGE_LOCKS = ON) ON [PRIMARY]
) ON [PRIMARY]

GO
/****** Object:  Table [dbo].[Devices]    Script Date: 6/22/2016 10:00:50 PM ******/
SET ANSI_NULLS ON
GO
SET QUOTED_IDENTIFIER ON
GO
CREATE TABLE [dbo].[Devices](
	[ID] [bigint] IDENTITY(1,1) NOT NULL,
	[GUID] [uniqueidentifier] NULL,
	[KeyPass] [uniqueidentifier] NULL,
	[PinCode] [nvarchar](50) NULL,
	[Title] [nvarchar](50) NULL,
	[StatusID] [bigint] NULL,
	[UTC_Diff] [int] NOT NULL,
	[IsConnectedDelay] [int] NOT NULL,
	[IsConnected] [bit] NOT NULL,
 CONSTRAINT [PK_Devices_1] PRIMARY KEY CLUSTERED 
(
	[ID] ASC
)WITH (PAD_INDEX = OFF, STATISTICS_NORECOMPUTE = OFF, IGNORE_DUP_KEY = OFF, ALLOW_ROW_LOCKS = ON, ALLOW_PAGE_LOCKS = ON) ON [PRIMARY]
) ON [PRIMARY]

GO
/****** Object:  Table [dbo].[DeviceStatus]    Script Date: 6/22/2016 10:00:50 PM ******/
SET ANSI_NULLS ON
GO
SET QUOTED_IDENTIFIER ON
GO
CREATE TABLE [dbo].[DeviceStatus](
	[ID] [bigint] IDENTITY(1,1) NOT NULL,
	[Title] [nvarchar](50) NULL,
 CONSTRAINT [PK_DeviceStatus] PRIMARY KEY CLUSTERED 
(
	[ID] ASC
)WITH (PAD_INDEX = OFF, STATISTICS_NORECOMPUTE = OFF, IGNORE_DUP_KEY = OFF, ALLOW_ROW_LOCKS = ON, ALLOW_PAGE_LOCKS = ON) ON [PRIMARY]
) ON [PRIMARY]

GO
/****** Object:  Table [dbo].[DynSettings]    Script Date: 6/22/2016 10:00:50 PM ******/
SET ANSI_NULLS ON
GO
SET QUOTED_IDENTIFIER ON
GO
CREATE TABLE [dbo].[DynSettings](
	[ID] [bigint] IDENTITY(1,1) NOT NULL,
	[DBVersion] [real] NOT NULL,
	[DevelopmentMode] [bit] NOT NULL,
	[DefaultRecordsPerMaster] [int] NOT NULL,
	[DefaultRecordsPerChild] [int] NOT NULL,
	[PlatformKey] [uniqueidentifier] NOT NULL,
	[PublicAccess] [bit] NOT NULL,
	[PublicSignUP] [bit] NOT NULL,
	[EnableSystemLogger] [bit] NOT NULL,
	[App_TimeZone] [int] NOT NULL,
 CONSTRAINT [PK_DynSettings] PRIMARY KEY CLUSTERED 
(
	[ID] ASC
)WITH (PAD_INDEX = OFF, STATISTICS_NORECOMPUTE = OFF, IGNORE_DUP_KEY = OFF, ALLOW_ROW_LOCKS = ON, ALLOW_PAGE_LOCKS = ON) ON [PRIMARY]
) ON [PRIMARY]

GO
/****** Object:  Table [dbo].[EndPointCommands]    Script Date: 6/22/2016 10:00:50 PM ******/
SET ANSI_NULLS ON
GO
SET QUOTED_IDENTIFIER ON
GO
CREATE TABLE [dbo].[EndPointCommands](
	[ID] [bigint] IDENTITY(1,1) NOT NULL,
	[Title] [nvarchar](50) NULL,
	[Description] [nvarchar](500) NULL,
	[EndPointID] [bigint] NULL,
	[CommandCode] [nvarchar](50) NULL,
	[OwnerID] [nvarchar](50) NULL,
 CONSTRAINT [PK_EndPointCommands] PRIMARY KEY CLUSTERED 
(
	[ID] ASC
)WITH (PAD_INDEX = OFF, STATISTICS_NORECOMPUTE = OFF, IGNORE_DUP_KEY = OFF, ALLOW_ROW_LOCKS = ON, ALLOW_PAGE_LOCKS = ON) ON [PRIMARY]
) ON [PRIMARY]

GO
/****** Object:  Table [dbo].[EndPointIOs]    Script Date: 6/22/2016 10:00:50 PM ******/
SET ANSI_NULLS ON
GO
SET QUOTED_IDENTIFIER ON
GO
CREATE TABLE [dbo].[EndPointIOs](
	[ID] [bigint] IDENTITY(1,1) NOT NULL,
	[EndPointID] [bigint] NOT NULL,
	[IOTypeID] [bigint] NOT NULL,
	[Valu] [nvarchar](50) NOT NULL,
	[TimeStamp] [datetime] NOT NULL,
	[ExecTimeStamp] [datetime] NULL,
	[ScheduleTimeStamp] [datetime] NULL,
 CONSTRAINT [PK_DeviceIOs] PRIMARY KEY CLUSTERED 
(
	[ID] ASC
)WITH (PAD_INDEX = OFF, STATISTICS_NORECOMPUTE = OFF, IGNORE_DUP_KEY = OFF, ALLOW_ROW_LOCKS = ON, ALLOW_PAGE_LOCKS = ON) ON [PRIMARY]
) ON [PRIMARY]

GO
/****** Object:  Table [dbo].[Endpoints]    Script Date: 6/22/2016 10:00:50 PM ******/
SET ANSI_NULLS ON
GO
SET QUOTED_IDENTIFIER ON
GO
CREATE TABLE [dbo].[Endpoints](
	[ID] [bigint] IDENTITY(1,1) NOT NULL,
	[GUID] [uniqueidentifier] NOT NULL,
	[KeyPass] [uniqueidentifier] NOT NULL,
	[PinCode] [nvarchar](50) NOT NULL,
	[Title] [nvarchar](50) NOT NULL,
	[DeviceID] [bigint] NOT NULL,
	[TypeID] [bigint] NOT NULL,
 CONSTRAINT [PK_Devices] PRIMARY KEY CLUSTERED 
(
	[ID] ASC
)WITH (PAD_INDEX = OFF, STATISTICS_NORECOMPUTE = OFF, IGNORE_DUP_KEY = OFF, ALLOW_ROW_LOCKS = ON, ALLOW_PAGE_LOCKS = ON) ON [PRIMARY]
) ON [PRIMARY]

GO
/****** Object:  Table [dbo].[EndPointTypeCategorys]    Script Date: 6/22/2016 10:00:50 PM ******/
SET ANSI_NULLS ON
GO
SET QUOTED_IDENTIFIER ON
GO
CREATE TABLE [dbo].[EndPointTypeCategorys](
	[ID] [bigint] IDENTITY(1,1) NOT NULL,
	[Title] [nvarchar](50) NOT NULL,
 CONSTRAINT [PK_EndPointTypeCategorys] PRIMARY KEY CLUSTERED 
(
	[ID] ASC
)WITH (PAD_INDEX = OFF, STATISTICS_NORECOMPUTE = OFF, IGNORE_DUP_KEY = OFF, ALLOW_ROW_LOCKS = ON, ALLOW_PAGE_LOCKS = ON) ON [PRIMARY]
) ON [PRIMARY]

GO
/****** Object:  Table [dbo].[EndPointTypes]    Script Date: 6/22/2016 10:00:50 PM ******/
SET ANSI_NULLS ON
GO
SET QUOTED_IDENTIFIER ON
GO
CREATE TABLE [dbo].[EndPointTypes](
	[ID] [bigint] IDENTITY(1,1) NOT NULL,
	[Title] [nvarchar](50) NULL,
	[measurement] [nvarchar](50) NULL,
	[TypeCategoryID] [bigint] NULL,
	[IconID] [bigint] NULL,
 CONSTRAINT [PK_EndPointTypes] PRIMARY KEY CLUSTERED 
(
	[ID] ASC
)WITH (PAD_INDEX = OFF, STATISTICS_NORECOMPUTE = OFF, IGNORE_DUP_KEY = OFF, ALLOW_ROW_LOCKS = ON, ALLOW_PAGE_LOCKS = ON) ON [PRIMARY]
) ON [PRIMARY]

GO
/****** Object:  Table [dbo].[IOTypes]    Script Date: 6/22/2016 10:00:50 PM ******/
SET ANSI_NULLS ON
GO
SET QUOTED_IDENTIFIER ON
GO
CREATE TABLE [dbo].[IOTypes](
	[ID] [bigint] NOT NULL,
	[IO] [nvarchar](12) NULL,
	[Title] [nvarchar](128) NULL,
 CONSTRAINT [PK_IO] PRIMARY KEY CLUSTERED 
(
	[ID] ASC
)WITH (PAD_INDEX = OFF, STATISTICS_NORECOMPUTE = OFF, IGNORE_DUP_KEY = OFF, ALLOW_ROW_LOCKS = ON, ALLOW_PAGE_LOCKS = ON) ON [PRIMARY]
) ON [PRIMARY]

GO
/****** Object:  Table [dbo].[LinkDevicesLocations]    Script Date: 6/22/2016 10:00:50 PM ******/
SET ANSI_NULLS ON
GO
SET QUOTED_IDENTIFIER ON
GO
CREATE TABLE [dbo].[LinkDevicesLocations](
	[ID] [bigint] IDENTITY(1,1) NOT NULL,
	[LocationID] [bigint] NULL,
	[DeviceID] [bigint] NULL,
 CONSTRAINT [PK_LinkDevicesLocations] PRIMARY KEY CLUSTERED 
(
	[ID] ASC
)WITH (PAD_INDEX = OFF, STATISTICS_NORECOMPUTE = OFF, IGNORE_DUP_KEY = OFF, ALLOW_ROW_LOCKS = ON, ALLOW_PAGE_LOCKS = ON) ON [PRIMARY]
) ON [PRIMARY]

GO
/****** Object:  Table [dbo].[LinkLocationsLocationViews]    Script Date: 6/22/2016 10:00:50 PM ******/
SET ANSI_NULLS ON
GO
SET QUOTED_IDENTIFIER ON
GO
CREATE TABLE [dbo].[LinkLocationsLocationViews](
	[ID] [bigint] IDENTITY(1,1) NOT NULL,
	[LocationID] [bigint] NOT NULL,
	[LocationViewID] [bigint] NOT NULL,
 CONSTRAINT [PK_LinkLocationsLocationViews] PRIMARY KEY CLUSTERED 
(
	[ID] ASC
)WITH (PAD_INDEX = OFF, STATISTICS_NORECOMPUTE = OFF, IGNORE_DUP_KEY = OFF, ALLOW_ROW_LOCKS = ON, ALLOW_PAGE_LOCKS = ON) ON [PRIMARY]
) ON [PRIMARY]

GO
/****** Object:  Table [dbo].[Locations]    Script Date: 6/22/2016 10:00:50 PM ******/
SET ANSI_NULLS ON
GO
SET QUOTED_IDENTIFIER ON
GO
CREATE TABLE [dbo].[Locations](
	[ID] [bigint] IDENTITY(1,1) NOT NULL,
	[GUID] [uniqueidentifier] NOT NULL,
	[Title] [nvarchar](50) NOT NULL,
	[LongitudeY] [nvarchar](50) NOT NULL,
	[LatitudeX] [nvarchar](50) NOT NULL,
	[isActive] [bit] NOT NULL,
	[Status] [bigint] NOT NULL,
	[IconID] [bigint] NOT NULL,
 CONSTRAINT [PK_Locations] PRIMARY KEY CLUSTERED 
(
	[ID] ASC
)WITH (PAD_INDEX = OFF, STATISTICS_NORECOMPUTE = OFF, IGNORE_DUP_KEY = OFF, ALLOW_ROW_LOCKS = ON, ALLOW_PAGE_LOCKS = ON) ON [PRIMARY]
) ON [PRIMARY]

GO
/****** Object:  Table [dbo].[LocationViews]    Script Date: 6/22/2016 10:00:50 PM ******/
SET ANSI_NULLS ON
GO
SET QUOTED_IDENTIFIER ON
GO
CREATE TABLE [dbo].[LocationViews](
	[ID] [bigint] IDENTITY(1,1) NOT NULL,
	[Title] [nvarchar](50) NOT NULL,
	[IsActive] [bit] NOT NULL,
	[OwnerID] [nvarchar](50) NOT NULL,
	[LocationViewTypeID] [bigint] NOT NULL,
	[X] [nvarchar](50) NOT NULL,
	[Y] [nvarchar](50) NOT NULL,
	[Z] [nvarchar](50) NOT NULL,
 CONSTRAINT [PK_LocationViews] PRIMARY KEY CLUSTERED 
(
	[ID] ASC
)WITH (PAD_INDEX = OFF, STATISTICS_NORECOMPUTE = OFF, IGNORE_DUP_KEY = OFF, ALLOW_ROW_LOCKS = ON, ALLOW_PAGE_LOCKS = ON) ON [PRIMARY]
) ON [PRIMARY]

GO
/****** Object:  Table [dbo].[LocationViewTypes]    Script Date: 6/22/2016 10:00:50 PM ******/
SET ANSI_NULLS ON
GO
SET QUOTED_IDENTIFIER ON
GO
CREATE TABLE [dbo].[LocationViewTypes](
	[ID] [bigint] IDENTITY(1,1) NOT NULL,
	[Title] [nvarchar](50) NOT NULL,
 CONSTRAINT [PK_LocationViewTypes] PRIMARY KEY CLUSTERED 
(
	[ID] ASC
)WITH (PAD_INDEX = OFF, STATISTICS_NORECOMPUTE = OFF, IGNORE_DUP_KEY = OFF, ALLOW_ROW_LOCKS = ON, ALLOW_PAGE_LOCKS = ON) ON [PRIMARY]
) ON [PRIMARY]

GO
/****** Object:  Table [dbo].[ResultMessages]    Script Date: 6/22/2016 10:00:50 PM ******/
SET ANSI_NULLS ON
GO
SET QUOTED_IDENTIFIER ON
GO
CREATE TABLE [dbo].[ResultMessages](
	[ID] [bigint] NOT NULL,
	[Message] [nvarchar](500) NULL,
	[IsError] [bit] NULL,
 CONSTRAINT [PK_ErrorMessages] PRIMARY KEY CLUSTERED 
(
	[ID] ASC
)WITH (PAD_INDEX = OFF, STATISTICS_NORECOMPUTE = OFF, IGNORE_DUP_KEY = OFF, ALLOW_ROW_LOCKS = ON, ALLOW_PAGE_LOCKS = ON) ON [PRIMARY]
) ON [PRIMARY]

GO
INSERT [dbo].[AspNetRoles] ([Id], [Name]) VALUES (N'1', N'Admin')
GO
INSERT [dbo].[AspNetRoles] ([Id], [Name]) VALUES (N'2', N'Monitor & Control')
GO
INSERT [dbo].[AspNetRoles] ([Id], [Name]) VALUES (N'3', N'Monitor Only')
GO
INSERT [dbo].[AspNetUserRoles] ([UserId], [RoleId]) VALUES (N'367df69f-c059-4295-95b0-718c93dfa843', N'1')
GO
INSERT [dbo].[AspNetUserRoles] ([UserId], [RoleId]) VALUES (N'8393618a-ea66-442c-9eff-f48c53f982a4', N'2')
GO
INSERT [dbo].[AspNetUsers] ([Id], [Email], [EmailConfirmed], [PasswordHash], [SecurityStamp], [PhoneNumber], [PhoneNumberConfirmed], [TwoFactorEnabled], [LockoutEndDateUtc], [LockoutEnabled], [AccessFailedCount], [UserName], [FullName]) VALUES (N'367df69f-c059-4295-95b0-718c93dfa843', N'cmoussalli@gmail.com', 0, N'ALwtfGaSrttw1t7mVutBUXjw1u/7CgWgBeIxkRWlPVMmuBZb517J4JNc1UsFplmZ0g==', N'6304491a-a9ec-493b-9fbe-8a827c93a492', NULL, 0, 0, NULL, 1, 0, N'cmoussalli@gmail.com', N'Caesar Moussalli')
GO
INSERT [dbo].[AspNetUsers] ([Id], [Email], [EmailConfirmed], [PasswordHash], [SecurityStamp], [PhoneNumber], [PhoneNumberConfirmed], [TwoFactorEnabled], [LockoutEndDateUtc], [LockoutEnabled], [AccessFailedCount], [UserName], [FullName]) VALUES (N'8393618a-ea66-442c-9eff-f48c53f982a4', N'cesar_moussalli@hotmail.com', 0, N'ACXpg5EJ6G3kpffDpIJbFD1wb9125WnI0JTrAH3rASEoosbB1qSgWxSiWQDxe7/CmA==', N'3402829b-5d04-4c93-a64e-83b942c81e9f', NULL, 0, 0, NULL, 1, 0, N'cesar_moussalli@hotmail.com', N'Caesar')
GO
SET IDENTITY_INSERT [dbo].[CssIcons] ON 

GO
INSERT [dbo].[CssIcons] ([ID], [Title], [Css]) VALUES (1, N'Temprature', N'glyphicons
glyphicons-temperature')
GO
INSERT [dbo].[CssIcons] ([ID], [Title], [Css]) VALUES (2, N'Humidity', N'glyphicons
glyphicons-tint')
GO
INSERT [dbo].[CssIcons] ([ID], [Title], [Css]) VALUES (3, N'Power', N'glyphicon glyphicon-off')
GO
SET IDENTITY_INSERT [dbo].[CssIcons] OFF
GO
SET IDENTITY_INSERT [dbo].[DeviceCommands] ON 

GO
INSERT [dbo].[DeviceCommands] ([ID], [Title], [Description], [DeviceID], [CommandCode], [OwnerID]) VALUES (35, N'Cmd 22', NULL, 9, N'rst2', N'1')
GO
SET IDENTITY_INSERT [dbo].[DeviceCommands] OFF
GO
SET IDENTITY_INSERT [dbo].[DeviceIOs] ON 

GO
INSERT [dbo].[DeviceIOs] ([ID], [DeviceID], [IOTypeID], [Valu], [TimeStamp], [ExecTimeStamp], [ScheduleTimeStamp]) VALUES (8, 9, 2, N'rst2', CAST(N'2016-05-14 13:25:00.767' AS DateTime), NULL, NULL)
GO
SET IDENTITY_INSERT [dbo].[DeviceIOs] OFF
GO
SET IDENTITY_INSERT [dbo].[Devices] ON 

GO
INSERT [dbo].[Devices] ([ID], [GUID], [KeyPass], [PinCode], [Title], [StatusID], [UTC_Diff], [IsConnectedDelay], [IsConnected]) VALUES (9, N'b3f18d2c-135a-43c9-9d58-e3bf543a1a10', N'87fb81a8-d600-4cc9-9302-ec3d45e350e7', N'0000', N'Arduino 1', 1, 4, 10, 0)
GO
SET IDENTITY_INSERT [dbo].[Devices] OFF
GO
SET IDENTITY_INSERT [dbo].[DeviceStatus] ON 

GO
INSERT [dbo].[DeviceStatus] ([ID], [Title]) VALUES (1, N'New')
GO
INSERT [dbo].[DeviceStatus] ([ID], [Title]) VALUES (2, N'Connected')
GO
INSERT [dbo].[DeviceStatus] ([ID], [Title]) VALUES (3, N'Disonnected')
GO
INSERT [dbo].[DeviceStatus] ([ID], [Title]) VALUES (4, N'Deleted')
GO
SET IDENTITY_INSERT [dbo].[DeviceStatus] OFF
GO
SET IDENTITY_INSERT [dbo].[DynSettings] ON 

GO
INSERT [dbo].[DynSettings] ([ID], [DBVersion], [DevelopmentMode], [DefaultRecordsPerMaster], [DefaultRecordsPerChild], [PlatformKey], [PublicAccess], [PublicSignUP], [EnableSystemLogger], [App_TimeZone]) VALUES (1, 0.106, 1, 3, 3, N'a86bb826-988d-4f9a-9f43-169045506194', 1, 1, 1, 4)
GO
SET IDENTITY_INSERT [dbo].[DynSettings] OFF
GO
SET IDENTITY_INSERT [dbo].[EndPointCommands] ON 

GO
INSERT [dbo].[EndPointCommands] ([ID], [Title], [Description], [EndPointID], [CommandCode], [OwnerID]) VALUES (15, N'Turn ON', N'Turn On Temp Flat8', 46, N'rst', N'1')
GO
SET IDENTITY_INSERT [dbo].[EndPointCommands] OFF
GO
SET IDENTITY_INSERT [dbo].[Endpoints] ON 

GO
INSERT [dbo].[Endpoints] ([ID], [GUID], [KeyPass], [PinCode], [Title], [DeviceID], [TypeID]) VALUES (46, N'f5b4f219-0629-421d-991e-55ff0b8409a2', N'1cfb97d0-5a7d-443f-9d25-ee143d2f6465', N'0000', N'End 21', 9, 1)
GO
SET IDENTITY_INSERT [dbo].[Endpoints] OFF
GO
SET IDENTITY_INSERT [dbo].[EndPointTypeCategorys] ON 

GO
INSERT [dbo].[EndPointTypeCategorys] ([ID], [Title]) VALUES (1, N'Input Only')
GO
INSERT [dbo].[EndPointTypeCategorys] ([ID], [Title]) VALUES (2, N'Output Only')
GO
INSERT [dbo].[EndPointTypeCategorys] ([ID], [Title]) VALUES (3, N'Complex')
GO
SET IDENTITY_INSERT [dbo].[EndPointTypeCategorys] OFF
GO
SET IDENTITY_INSERT [dbo].[EndPointTypes] ON 

GO
INSERT [dbo].[EndPointTypes] ([ID], [Title], [measurement], [TypeCategoryID], [IconID]) VALUES (1, N'Temperature', N'C', 1, 1)
GO
INSERT [dbo].[EndPointTypes] ([ID], [Title], [measurement], [TypeCategoryID], [IconID]) VALUES (2, N'Humidity', N'%', 1, 2)
GO
INSERT [dbo].[EndPointTypes] ([ID], [Title], [measurement], [TypeCategoryID], [IconID]) VALUES (3, N'Light', N'', 1, 3)
GO
INSERT [dbo].[EndPointTypes] ([ID], [Title], [measurement], [TypeCategoryID], [IconID]) VALUES (4, N'Noise', N'', 1, 1)
GO
INSERT [dbo].[EndPointTypes] ([ID], [Title], [measurement], [TypeCategoryID], [IconID]) VALUES (5, N'GPS Location', N'', 1, 1)
GO
INSERT [dbo].[EndPointTypes] ([ID], [Title], [measurement], [TypeCategoryID], [IconID]) VALUES (6, N'Gas', N'', 1, 1)
GO
INSERT [dbo].[EndPointTypes] ([ID], [Title], [measurement], [TypeCategoryID], [IconID]) VALUES (7, N'PH', N'', 1, 1)
GO
INSERT [dbo].[EndPointTypes] ([ID], [Title], [measurement], [TypeCategoryID], [IconID]) VALUES (8, N'Motion', N'', 1, 1)
GO
INSERT [dbo].[EndPointTypes] ([ID], [Title], [measurement], [TypeCategoryID], [IconID]) VALUES (9, N'Voltage', N'Volt', 1, 1)
GO
INSERT [dbo].[EndPointTypes] ([ID], [Title], [measurement], [TypeCategoryID], [IconID]) VALUES (10, N'AMPs', N'Ampere', 1, 1)
GO
INSERT [dbo].[EndPointTypes] ([ID], [Title], [measurement], [TypeCategoryID], [IconID]) VALUES (11, N'Switch', N'', 1, 1)
GO
INSERT [dbo].[EndPointTypes] ([ID], [Title], [measurement], [TypeCategoryID], [IconID]) VALUES (12, N'Vibration', N'', 1, 1)
GO
INSERT [dbo].[EndPointTypes] ([ID], [Title], [measurement], [TypeCategoryID], [IconID]) VALUES (13, N'Analoge Input', N'', 1, 1)
GO
INSERT [dbo].[EndPointTypes] ([ID], [Title], [measurement], [TypeCategoryID], [IconID]) VALUES (14, N'Moisture', N'', 1, 1)
GO
INSERT [dbo].[EndPointTypes] ([ID], [Title], [measurement], [TypeCategoryID], [IconID]) VALUES (15, N'Alcohol', N'', 1, 1)
GO
INSERT [dbo].[EndPointTypes] ([ID], [Title], [measurement], [TypeCategoryID], [IconID]) VALUES (16, N'Light', N'', 1, 1)
GO
INSERT [dbo].[EndPointTypes] ([ID], [Title], [measurement], [TypeCategoryID], [IconID]) VALUES (17, N'Fan', N'', 2, 1)
GO
INSERT [dbo].[EndPointTypes] ([ID], [Title], [measurement], [TypeCategoryID], [IconID]) VALUES (18, N'Motor', N'', 2, 1)
GO
INSERT [dbo].[EndPointTypes] ([ID], [Title], [measurement], [TypeCategoryID], [IconID]) VALUES (19, N'Switch', N'', 2, 1)
GO
SET IDENTITY_INSERT [dbo].[EndPointTypes] OFF
GO
INSERT [dbo].[IOTypes] ([ID], [IO], [Title]) VALUES (1, N'I', N'Input')
GO
INSERT [dbo].[IOTypes] ([ID], [IO], [Title]) VALUES (2, N'C', N'Command')
GO
INSERT [dbo].[IOTypes] ([ID], [IO], [Title]) VALUES (3, N'L', N'Log')
GO
SET IDENTITY_INSERT [dbo].[LinkDevicesLocations] ON 

GO
INSERT [dbo].[LinkDevicesLocations] ([ID], [LocationID], [DeviceID]) VALUES (18, 1, 9)
GO
INSERT [dbo].[LinkDevicesLocations] ([ID], [LocationID], [DeviceID]) VALUES (19, 3, 9)
GO
SET IDENTITY_INSERT [dbo].[LinkDevicesLocations] OFF
GO
SET IDENTITY_INSERT [dbo].[LinkLocationsLocationViews] ON 

GO
INSERT [dbo].[LinkLocationsLocationViews] ([ID], [LocationID], [LocationViewID]) VALUES (59, 1, 1)
GO
INSERT [dbo].[LinkLocationsLocationViews] ([ID], [LocationID], [LocationViewID]) VALUES (64, 3, 2)
GO
SET IDENTITY_INSERT [dbo].[LinkLocationsLocationViews] OFF
GO
SET IDENTITY_INSERT [dbo].[Locations] ON 

GO
INSERT [dbo].[Locations] ([ID], [GUID], [Title], [LongitudeY], [LatitudeX], [isActive], [Status], [IconID]) VALUES (1, N'f3067e63-eb6b-45dc-9d63-0feb0daa61b3', N'Building 253', N'58.3591538389074', N'23.596558259530582', 1, 1, 1)
GO
INSERT [dbo].[Locations] ([ID], [GUID], [Title], [LongitudeY], [LatitudeX], [isActive], [Status], [IconID]) VALUES (3, N'49790eb8-8409-4562-a5e1-3fb53a8e9e0f', N'Building 262', N'58.360393', N'23.595109', 1, 1, 1)
GO
SET IDENTITY_INSERT [dbo].[Locations] OFF
GO
SET IDENTITY_INSERT [dbo].[LocationViews] ON 

GO
INSERT [dbo].[LocationViews] ([ID], [Title], [IsActive], [OwnerID], [LocationViewTypeID], [X], [Y], [Z]) VALUES (1, N'Location View 1', 1, N'1', 1, N'23.595871952755317', N'58.36894947803896', N'15')
GO
INSERT [dbo].[LocationViews] ([ID], [Title], [IsActive], [OwnerID], [LocationViewTypeID], [X], [Y], [Z]) VALUES (2, N'Location View 2', 1, N'1', 2, N'23.5972750548066', N'58.36019218865334', N'16')
GO
SET IDENTITY_INSERT [dbo].[LocationViews] OFF
GO
SET IDENTITY_INSERT [dbo].[LocationViewTypes] ON 

GO
INSERT [dbo].[LocationViewTypes] ([ID], [Title]) VALUES (1, N'Single Location')
GO
INSERT [dbo].[LocationViewTypes] ([ID], [Title]) VALUES (2, N'List')
GO
INSERT [dbo].[LocationViewTypes] ([ID], [Title]) VALUES (3, N'Map')
GO
INSERT [dbo].[LocationViewTypes] ([ID], [Title]) VALUES (4, N'Image')
GO
SET IDENTITY_INSERT [dbo].[LocationViewTypes] OFF
GO
INSERT [dbo].[ResultMessages] ([ID], [Message], [IsError]) VALUES (0, N'Ok', 0)
GO
INSERT [dbo].[ResultMessages] ([ID], [Message], [IsError]) VALUES (1, N'Generic Error', 1)
GO
INSERT [dbo].[ResultMessages] ([ID], [Message], [IsError]) VALUES (2, N'Device GUID not found', 1)
GO
INSERT [dbo].[ResultMessages] ([ID], [Message], [IsError]) VALUES (3, N'EndPoint GUID not Found', 1)
GO
INSERT [dbo].[ResultMessages] ([ID], [Message], [IsError]) VALUES (4, N'The selected LocationView is already attached to this record', 1)
GO
INSERT [dbo].[ResultMessages] ([ID], [Message], [IsError]) VALUES (5, N'The selected Location is already attached to this record', 1)
GO
SET ANSI_PADDING ON

GO
/****** Object:  Index [RoleNameIndex]    Script Date: 6/22/2016 10:00:50 PM ******/
CREATE UNIQUE NONCLUSTERED INDEX [RoleNameIndex] ON [dbo].[AspNetRoles]
(
	[Name] ASC
)WITH (PAD_INDEX = OFF, STATISTICS_NORECOMPUTE = OFF, SORT_IN_TEMPDB = OFF, IGNORE_DUP_KEY = OFF, DROP_EXISTING = OFF, ONLINE = OFF, ALLOW_ROW_LOCKS = ON, ALLOW_PAGE_LOCKS = ON) ON [PRIMARY]
GO
SET ANSI_PADDING ON

GO
/****** Object:  Index [IX_UserId]    Script Date: 6/22/2016 10:00:50 PM ******/
CREATE NONCLUSTERED INDEX [IX_UserId] ON [dbo].[AspNetUserClaims]
(
	[UserId] ASC
)WITH (PAD_INDEX = OFF, STATISTICS_NORECOMPUTE = OFF, SORT_IN_TEMPDB = OFF, DROP_EXISTING = OFF, ONLINE = OFF, ALLOW_ROW_LOCKS = ON, ALLOW_PAGE_LOCKS = ON) ON [PRIMARY]
GO
SET ANSI_PADDING ON

GO
/****** Object:  Index [IX_UserId]    Script Date: 6/22/2016 10:00:50 PM ******/
CREATE NONCLUSTERED INDEX [IX_UserId] ON [dbo].[AspNetUserLogins]
(
	[UserId] ASC
)WITH (PAD_INDEX = OFF, STATISTICS_NORECOMPUTE = OFF, SORT_IN_TEMPDB = OFF, DROP_EXISTING = OFF, ONLINE = OFF, ALLOW_ROW_LOCKS = ON, ALLOW_PAGE_LOCKS = ON) ON [PRIMARY]
GO
SET ANSI_PADDING ON

GO
/****** Object:  Index [IX_RoleId]    Script Date: 6/22/2016 10:00:50 PM ******/
CREATE NONCLUSTERED INDEX [IX_RoleId] ON [dbo].[AspNetUserRoles]
(
	[RoleId] ASC
)WITH (PAD_INDEX = OFF, STATISTICS_NORECOMPUTE = OFF, SORT_IN_TEMPDB = OFF, DROP_EXISTING = OFF, ONLINE = OFF, ALLOW_ROW_LOCKS = ON, ALLOW_PAGE_LOCKS = ON) ON [PRIMARY]
GO
SET ANSI_PADDING ON

GO
/****** Object:  Index [IX_UserId]    Script Date: 6/22/2016 10:00:50 PM ******/
CREATE NONCLUSTERED INDEX [IX_UserId] ON [dbo].[AspNetUserRoles]
(
	[UserId] ASC
)WITH (PAD_INDEX = OFF, STATISTICS_NORECOMPUTE = OFF, SORT_IN_TEMPDB = OFF, DROP_EXISTING = OFF, ONLINE = OFF, ALLOW_ROW_LOCKS = ON, ALLOW_PAGE_LOCKS = ON) ON [PRIMARY]
GO
SET ANSI_PADDING ON

GO
/****** Object:  Index [UserNameIndex]    Script Date: 6/22/2016 10:00:50 PM ******/
CREATE UNIQUE NONCLUSTERED INDEX [UserNameIndex] ON [dbo].[AspNetUsers]
(
	[UserName] ASC
)WITH (PAD_INDEX = OFF, STATISTICS_NORECOMPUTE = OFF, SORT_IN_TEMPDB = OFF, IGNORE_DUP_KEY = OFF, DROP_EXISTING = OFF, ONLINE = OFF, ALLOW_ROW_LOCKS = ON, ALLOW_PAGE_LOCKS = ON) ON [PRIMARY]
GO
ALTER TABLE [dbo].[AspNetUserClaims]  WITH CHECK ADD  CONSTRAINT [FK_dbo.AspNetUserClaims_dbo.AspNetUsers_UserId] FOREIGN KEY([UserId])
REFERENCES [dbo].[AspNetUsers] ([Id])
ON DELETE CASCADE
GO
ALTER TABLE [dbo].[AspNetUserClaims] CHECK CONSTRAINT [FK_dbo.AspNetUserClaims_dbo.AspNetUsers_UserId]
GO
ALTER TABLE [dbo].[AspNetUserLogins]  WITH CHECK ADD  CONSTRAINT [FK_dbo.AspNetUserLogins_dbo.AspNetUsers_UserId] FOREIGN KEY([UserId])
REFERENCES [dbo].[AspNetUsers] ([Id])
ON DELETE CASCADE
GO
ALTER TABLE [dbo].[AspNetUserLogins] CHECK CONSTRAINT [FK_dbo.AspNetUserLogins_dbo.AspNetUsers_UserId]
GO
ALTER TABLE [dbo].[AspNetUserRoles]  WITH CHECK ADD  CONSTRAINT [FK_dbo.AspNetUserRoles_dbo.AspNetRoles_RoleId] FOREIGN KEY([RoleId])
REFERENCES [dbo].[AspNetRoles] ([Id])
ON DELETE CASCADE
GO
ALTER TABLE [dbo].[AspNetUserRoles] CHECK CONSTRAINT [FK_dbo.AspNetUserRoles_dbo.AspNetRoles_RoleId]
GO
ALTER TABLE [dbo].[AspNetUserRoles]  WITH CHECK ADD  CONSTRAINT [FK_dbo.AspNetUserRoles_dbo.AspNetUsers_UserId] FOREIGN KEY([UserId])
REFERENCES [dbo].[AspNetUsers] ([Id])
ON DELETE CASCADE
GO
ALTER TABLE [dbo].[AspNetUserRoles] CHECK CONSTRAINT [FK_dbo.AspNetUserRoles_dbo.AspNetUsers_UserId]
GO
ALTER TABLE [dbo].[DeviceCommands]  WITH CHECK ADD  CONSTRAINT [FK__Commands__Device__4D94879B] FOREIGN KEY([DeviceID])
REFERENCES [dbo].[Devices] ([ID])
ON DELETE CASCADE
GO
ALTER TABLE [dbo].[DeviceCommands] CHECK CONSTRAINT [FK__Commands__Device__4D94879B]
GO
ALTER TABLE [dbo].[DeviceIOs]  WITH CHECK ADD  CONSTRAINT [FK__DeviceIOs__Devic__19AACF41] FOREIGN KEY([DeviceID])
REFERENCES [dbo].[Devices] ([ID])
ON DELETE CASCADE
GO
ALTER TABLE [dbo].[DeviceIOs] CHECK CONSTRAINT [FK__DeviceIOs__Devic__19AACF41]
GO
ALTER TABLE [dbo].[DeviceIOs]  WITH CHECK ADD FOREIGN KEY([IOTypeID])
REFERENCES [dbo].[IOTypes] ([ID])
GO
ALTER TABLE [dbo].[Devices]  WITH CHECK ADD  CONSTRAINT [FK__Devices__StatusI__01D345B0] FOREIGN KEY([StatusID])
REFERENCES [dbo].[DeviceStatus] ([ID])
ON DELETE CASCADE
GO
ALTER TABLE [dbo].[Devices] CHECK CONSTRAINT [FK__Devices__StatusI__01D345B0]
GO
ALTER TABLE [dbo].[EndPointCommands]  WITH CHECK ADD  CONSTRAINT [FK__EndPointC__EndPo__4222D4EF] FOREIGN KEY([EndPointID])
REFERENCES [dbo].[Endpoints] ([ID])
ON DELETE CASCADE
GO
ALTER TABLE [dbo].[EndPointCommands] CHECK CONSTRAINT [FK__EndPointC__EndPo__4222D4EF]
GO
ALTER TABLE [dbo].[EndPointIOs]  WITH CHECK ADD  CONSTRAINT [FK__EndPointI__EndPo__29572725] FOREIGN KEY([EndPointID])
REFERENCES [dbo].[Endpoints] ([ID])
ON DELETE CASCADE
GO
ALTER TABLE [dbo].[EndPointIOs] CHECK CONSTRAINT [FK__EndPointI__EndPo__29572725]
GO
ALTER TABLE [dbo].[EndPointIOs]  WITH CHECK ADD  CONSTRAINT [FK__EndPointI__IOTyp__440B1D61] FOREIGN KEY([IOTypeID])
REFERENCES [dbo].[IOTypes] ([ID])
GO
ALTER TABLE [dbo].[EndPointIOs] CHECK CONSTRAINT [FK__EndPointI__IOTyp__440B1D61]
GO
ALTER TABLE [dbo].[Endpoints]  WITH CHECK ADD  CONSTRAINT [FK__Endpoints__Devic__00DF2177] FOREIGN KEY([DeviceID])
REFERENCES [dbo].[Devices] ([ID])
ON DELETE CASCADE
GO
ALTER TABLE [dbo].[Endpoints] CHECK CONSTRAINT [FK__Endpoints__Devic__00DF2177]
GO
ALTER TABLE [dbo].[Endpoints]  WITH CHECK ADD FOREIGN KEY([TypeID])
REFERENCES [dbo].[EndPointTypes] ([ID])
GO
ALTER TABLE [dbo].[EndPointTypes]  WITH CHECK ADD  CONSTRAINT [FK__EndPointT__IconI__3FD07829] FOREIGN KEY([IconID])
REFERENCES [dbo].[CssIcons] ([ID])
GO
ALTER TABLE [dbo].[EndPointTypes] CHECK CONSTRAINT [FK__EndPointT__IconI__3FD07829]
GO
ALTER TABLE [dbo].[EndPointTypes]  WITH CHECK ADD FOREIGN KEY([TypeCategoryID])
REFERENCES [dbo].[EndPointTypeCategorys] ([ID])
GO
ALTER TABLE [dbo].[LinkDevicesLocations]  WITH CHECK ADD  CONSTRAINT [FK__LinkDevic__Devic__48CFD27E] FOREIGN KEY([DeviceID])
REFERENCES [dbo].[Devices] ([ID])
ON DELETE CASCADE
GO
ALTER TABLE [dbo].[LinkDevicesLocations] CHECK CONSTRAINT [FK__LinkDevic__Devic__48CFD27E]
GO
ALTER TABLE [dbo].[LinkDevicesLocations]  WITH CHECK ADD  CONSTRAINT [FK__LinkDevic__Locat__49C3F6B7] FOREIGN KEY([LocationID])
REFERENCES [dbo].[Locations] ([ID])
ON DELETE CASCADE
GO
ALTER TABLE [dbo].[LinkDevicesLocations] CHECK CONSTRAINT [FK__LinkDevic__Locat__49C3F6B7]
GO
ALTER TABLE [dbo].[LinkLocationsLocationViews]  WITH CHECK ADD  CONSTRAINT [FK__LinkLocat__Locat__35BCFE0A] FOREIGN KEY([LocationID])
REFERENCES [dbo].[Locations] ([ID])
ON DELETE CASCADE
GO
ALTER TABLE [dbo].[LinkLocationsLocationViews] CHECK CONSTRAINT [FK__LinkLocat__Locat__35BCFE0A]
GO
ALTER TABLE [dbo].[LinkLocationsLocationViews]  WITH CHECK ADD  CONSTRAINT [FK__LinkLocat__Locat__36B12243] FOREIGN KEY([LocationViewID])
REFERENCES [dbo].[LocationViews] ([ID])
ON DELETE CASCADE
GO
ALTER TABLE [dbo].[LinkLocationsLocationViews] CHECK CONSTRAINT [FK__LinkLocat__Locat__36B12243]
GO
ALTER TABLE [dbo].[LocationViews]  WITH CHECK ADD  CONSTRAINT [FK__LocationV__Locat__286302EC] FOREIGN KEY([LocationViewTypeID])
REFERENCES [dbo].[LocationViewTypes] ([ID])
GO
ALTER TABLE [dbo].[LocationViews] CHECK CONSTRAINT [FK__LocationV__Locat__286302EC]
GO
/****** Object:  StoredProcedure [dbo].[Rpt_EndPoint_IOs_Days]    Script Date: 6/22/2016 10:00:50 PM ******/
SET ANSI_NULLS ON
GO
SET QUOTED_IDENTIFIER ON
GO
CREATE procedure [dbo].[Rpt_EndPoint_IOs_Days] 
 @EPID bigint
 as
 begin
 SET NOCOUNT ON
 select ID,Title,'Min' as 'Fx',

	(select min(CAST(CAST(valu AS float) AS INT))  from EndPointIOs
	where [ExecTimeStamp] between CONVERT(varchar(10),DATEADD(day,-1,GetDate()), 120) + ' 00:00:00'  and GetDate() and EndPointID = @EPID)as '1',

	(select min(CAST(CAST(valu AS float) AS INT))  from EndPointIOs
	where [ExecTimeStamp] between CONVERT(varchar(10),DATEADD(day,-2,GetDate()), 120) + ' 00:00:00' and CONVERT(varchar(10),DATEADD(day,-1,GetDate()), 120) + ' 00:00:00' and EndPointID = @EPID)as '2',

		(select min(CAST(CAST(valu AS float) AS INT))  from EndPointIOs
	where [ExecTimeStamp] between CONVERT(varchar(10),DATEADD(day,-3,GetDate()), 120) + ' 00:00:00' and CONVERT(varchar(10),DATEADD(day,-2,GetDate()), 120) + ' 00:00:00' and EndPointID = @EPID)as '3',

		(select min(CAST(CAST(valu AS float) AS INT))  from EndPointIOs
	where [ExecTimeStamp] between CONVERT(varchar(10),DATEADD(day,-4,GetDate()), 120) + ' 00:00:00' and CONVERT(varchar(10),DATEADD(day,-3,GetDate()), 120) + ' 00:00:00' and EndPointID = @EPID)as '4',
	
			(select min(CAST(CAST(valu AS float) AS INT))  from EndPointIOs
	where [ExecTimeStamp] between CONVERT(varchar(10),DATEADD(day,-5,GetDate()), 120) + ' 00:00:00' and CONVERT(varchar(10),DATEADD(day,-4,GetDate()), 120) + ' 00:00:00' and EndPointID = @EPID)as '5',

			(select min(CAST(CAST(valu AS float) AS INT))  from EndPointIOs
	where [ExecTimeStamp] between CONVERT(varchar(10),DATEADD(day,-6,GetDate()), 120) + ' 00:00:00' and CONVERT(varchar(10),DATEADD(day,-5,GetDate()), 120) + ' 00:00:00' and EndPointID = @EPID)as '6',

			(select min(CAST(CAST(valu AS float) AS INT))  from EndPointIOs
	where [ExecTimeStamp] between CONVERT(varchar(10),DATEADD(day,-7,GetDate()), 120) + ' 00:00:00' and CONVERT(varchar(10),DATEADD(day,-6,GetDate()), 120) + ' 00:00:00' and EndPointID = @EPID)as '7',

			(select min(CAST(CAST(valu AS float) AS INT))  from EndPointIOs
	where [ExecTimeStamp] between CONVERT(varchar(10),DATEADD(day,-8,GetDate()), 120) + ' 00:00:00' and CONVERT(varchar(10),DATEADD(day,-7,GetDate()), 120) + ' 00:00:00' and EndPointID = @EPID)as '8',

			(select min(CAST(CAST(valu AS float) AS INT))  from EndPointIOs
	where [ExecTimeStamp] between CONVERT(varchar(10),DATEADD(day,-9,GetDate()), 120) + ' 00:00:00' and CONVERT(varchar(10),DATEADD(day,-8,GetDate()), 120) + ' 00:00:00' and EndPointID = @EPID)as '9',

			(select min(CAST(CAST(valu AS float) AS INT))  from EndPointIOs
	where [ExecTimeStamp] between CONVERT(varchar(10),DATEADD(day,-10,GetDate()), 120) + ' 00:00:00' and CONVERT(varchar(10),DATEADD(day,-9,GetDate()), 120) + ' 00:00:00' and EndPointID = @EPID)as '10',

			(select min(CAST(CAST(valu AS float) AS INT))  from EndPointIOs
	where [ExecTimeStamp] between CONVERT(varchar(10),DATEADD(day,-11,GetDate()), 120) + ' 00:00:00' and CONVERT(varchar(10),DATEADD(day,-10,GetDate()), 120) + ' 00:00:00' and EndPointID = @EPID)as '11',

			(select min(CAST(CAST(valu AS float) AS INT))  from EndPointIOs
	where [ExecTimeStamp] between CONVERT(varchar(10),DATEADD(day,-12,GetDate()), 120) + ' 00:00:00' and CONVERT(varchar(10),DATEADD(day,-11,GetDate()), 120) + ' 00:00:00' and EndPointID = @EPID)as '12',

			(select min(CAST(CAST(valu AS float) AS INT))  from EndPointIOs
	where [ExecTimeStamp] between CONVERT(varchar(10),DATEADD(day,-13,GetDate()), 120) + ' 00:00:00' and CONVERT(varchar(10),DATEADD(day,-12,GetDate()), 120) + ' 00:00:00' and EndPointID = @EPID)as '13',

			(select min(CAST(CAST(valu AS float) AS INT))  from EndPointIOs
	where [ExecTimeStamp] between CONVERT(varchar(10),DATEADD(day,-14,GetDate()), 120) + ' 00:00:00' and CONVERT(varchar(10),DATEADD(day,-13,GetDate()), 120) + ' 00:00:00' and EndPointID = @EPID)as '14',

			(select min(CAST(CAST(valu AS float) AS INT))  from EndPointIOs
	where [ExecTimeStamp] between CONVERT(varchar(10),DATEADD(day,-15,GetDate()), 120) + ' 00:00:00' and CONVERT(varchar(10),DATEADD(day,-14,GetDate()), 120) + ' 00:00:00' and EndPointID = @EPID)as '15',

			(select min(CAST(CAST(valu AS float) AS INT))  from EndPointIOs
	where [ExecTimeStamp] between CONVERT(varchar(10),DATEADD(day,-16,GetDate()), 120) + ' 00:00:00' and CONVERT(varchar(10),DATEADD(day,-15,GetDate()), 120) + ' 00:00:00' and EndPointID = @EPID)as '16',

			(select min(CAST(CAST(valu AS float) AS INT))  from EndPointIOs
	where [ExecTimeStamp] between CONVERT(varchar(10),DATEADD(day,-17,GetDate()), 120) + ' 00:00:00' and CONVERT(varchar(10),DATEADD(day,-16,GetDate()), 120) + ' 00:00:00' and EndPointID = @EPID)as '17',

			(select min(CAST(CAST(valu AS float) AS INT))  from EndPointIOs
	where [ExecTimeStamp] between CONVERT(varchar(10),DATEADD(day,-18,GetDate()), 120) + ' 00:00:00' and CONVERT(varchar(10),DATEADD(day,-17,GetDate()), 120) + ' 00:00:00' and EndPointID = @EPID)as '18',

			(select min(CAST(CAST(valu AS float) AS INT))  from EndPointIOs
	where [ExecTimeStamp] between CONVERT(varchar(10),DATEADD(day,-19,GetDate()), 120) + ' 00:00:00' and CONVERT(varchar(10),DATEADD(day,-18,GetDate()), 120) + ' 00:00:00' and EndPointID = @EPID)as '19',

	(select min(CAST(CAST(valu AS float) AS INT))  from EndPointIOs
	where [ExecTimeStamp] between CONVERT(varchar(10),DATEADD(day,-20,GetDate()), 120) + ' 00:00:00' and CONVERT(varchar(10),DATEADD(day,-19,GetDate()), 120) + ' 00:00:00' and EndPointID = @EPID)as '20',

	(select min(CAST(CAST(valu AS float) AS INT))  from EndPointIOs
	where [ExecTimeStamp] between CONVERT(varchar(10),DATEADD(day,-21,GetDate()), 120) + ' 00:00:00' and CONVERT(varchar(10),DATEADD(day,-20,GetDate()), 120) + ' 00:00:00' and EndPointID = @EPID)as '21',

	(select min(CAST(CAST(valu AS float) AS INT))  from EndPointIOs
	where [ExecTimeStamp] between CONVERT(varchar(10),DATEADD(day,-22,GetDate()), 120) + ' 00:00:00' and CONVERT(varchar(10),DATEADD(day,-21,GetDate()), 120) + ' 00:00:00' and EndPointID = @EPID)as '22',

	(select min(CAST(CAST(valu AS float) AS INT))  from EndPointIOs
	where [ExecTimeStamp] between CONVERT(varchar(10),DATEADD(day,-23,GetDate()), 120) + ' 00:00:00' and CONVERT(varchar(10),DATEADD(day,-22,GetDate()), 120) + ' 00:00:00' and EndPointID = @EPID)as '23',

	(select min(CAST(CAST(valu AS float) AS INT))  from EndPointIOs
	where [ExecTimeStamp] between CONVERT(varchar(10),DATEADD(day,-24,GetDate()), 120) + ' 00:00:00' and CONVERT(varchar(10),DATEADD(day,-23,GetDate()), 120) + ' 00:00:00' and EndPointID = @EPID)as '24',

	(select min(CAST(CAST(valu AS float) AS INT))  from EndPointIOs
	where [ExecTimeStamp] between CONVERT(varchar(10),DATEADD(day,-25,GetDate()), 120) + ' 00:00:00' and CONVERT(varchar(10),DATEADD(day,-24,GetDate()), 120) + ' 00:00:00' and EndPointID = @EPID)as '25',

	(select min(CAST(CAST(valu AS float) AS INT))  from EndPointIOs
	where [ExecTimeStamp] between CONVERT(varchar(10),DATEADD(day,-26,GetDate()), 120) + ' 00:00:00' and CONVERT(varchar(10),DATEADD(day,-25,GetDate()), 120) + ' 00:00:00' and EndPointID = @EPID)as '26',

	(select min(CAST(CAST(valu AS float) AS INT))  from EndPointIOs
	where [ExecTimeStamp] between CONVERT(varchar(10),DATEADD(day,-27,GetDate()), 120) + ' 00:00:00' and CONVERT(varchar(10),DATEADD(day,-26,GetDate()), 120) + ' 00:00:00' and EndPointID = @EPID)as '27',


	(select min(CAST(CAST(valu AS float) AS INT))  from EndPointIOs
	where [ExecTimeStamp] between CONVERT(varchar(10),DATEADD(day,-28,GetDate()), 120) + ' 00:00:00' and CONVERT(varchar(10),DATEADD(day,-27,GetDate()), 120) + ' 00:00:00' and EndPointID = @EPID)as '28',

	(select min(CAST(CAST(valu AS float) AS INT))  from EndPointIOs
	where [ExecTimeStamp] between CONVERT(varchar(10),DATEADD(day,-29,GetDate()), 120) + ' 00:00:00' and CONVERT(varchar(10),DATEADD(day,-28,GetDate()), 120) + ' 00:00:00' and EndPointID = @EPID)as '29',


	(select min(CAST(CAST(valu AS float) AS INT))  from EndPointIOs
	where [ExecTimeStamp] between CONVERT(varchar(10),DATEADD(day,-30,GetDate()), 120) + ' 00:00:00' and CONVERT(varchar(10),DATEADD(day,-29,GetDate()), 120) + ' 00:00:00' and EndPointID = @EPID)as '30'

from [Endpoints] e where e.ID = @EPID

union all

(
select ID,Title,'max' as 'Fx',

	(select max(CAST(CAST(valu AS float) AS INT))  from EndPointIOs
	where [ExecTimeStamp] between CONVERT(varchar(10),DATEADD(day,-1,GetDate()), 120) + ' 00:00:00'  and GetDate() and EndPointID = @EPID)as '1',

	(select max(CAST(CAST(valu AS float) AS INT))  from EndPointIOs
	where [ExecTimeStamp] between CONVERT(varchar(10),DATEADD(day,-2,GetDate()), 120) + ' 00:00:00' and CONVERT(varchar(10),DATEADD(day,-1,GetDate()), 120) + ' 00:00:00' and EndPointID = @EPID)as '2',

		(select max(CAST(CAST(valu AS float) AS INT))  from EndPointIOs
	where [ExecTimeStamp] between CONVERT(varchar(10),DATEADD(day,-3,GetDate()), 120) + ' 00:00:00' and CONVERT(varchar(10),DATEADD(day,-2,GetDate()), 120) + ' 00:00:00' and EndPointID = @EPID)as '3',

		(select max(CAST(CAST(valu AS float) AS INT))  from EndPointIOs
	where [ExecTimeStamp] between CONVERT(varchar(10),DATEADD(day,-4,GetDate()), 120) + ' 00:00:00' and CONVERT(varchar(10),DATEADD(day,-3,GetDate()), 120) + ' 00:00:00' and EndPointID = @EPID)as '4',
	
			(select max(CAST(CAST(valu AS float) AS INT))  from EndPointIOs
	where [ExecTimeStamp] between CONVERT(varchar(10),DATEADD(day,-5,GetDate()), 120) + ' 00:00:00' and CONVERT(varchar(10),DATEADD(day,-4,GetDate()), 120) + ' 00:00:00' and EndPointID = @EPID)as '5',

			(select max(CAST(CAST(valu AS float) AS INT))  from EndPointIOs
	where [ExecTimeStamp] between CONVERT(varchar(10),DATEADD(day,-6,GetDate()), 120) + ' 00:00:00' and CONVERT(varchar(10),DATEADD(day,-5,GetDate()), 120) + ' 00:00:00' and EndPointID = @EPID)as '6',

			(select max(CAST(CAST(valu AS float) AS INT))  from EndPointIOs
	where [ExecTimeStamp] between CONVERT(varchar(10),DATEADD(day,-7,GetDate()), 120) + ' 00:00:00' and CONVERT(varchar(10),DATEADD(day,-6,GetDate()), 120) + ' 00:00:00' and EndPointID = @EPID)as '7',

			(select max(CAST(CAST(valu AS float) AS INT))  from EndPointIOs
	where [ExecTimeStamp] between CONVERT(varchar(10),DATEADD(day,-8,GetDate()), 120) + ' 00:00:00' and CONVERT(varchar(10),DATEADD(day,-7,GetDate()), 120) + ' 00:00:00' and EndPointID = @EPID)as '8',

			(select max(CAST(CAST(valu AS float) AS INT))  from EndPointIOs
	where [ExecTimeStamp] between CONVERT(varchar(10),DATEADD(day,-9,GetDate()), 120) + ' 00:00:00' and CONVERT(varchar(10),DATEADD(day,-8,GetDate()), 120) + ' 00:00:00' and EndPointID = @EPID)as '9',

			(select max(CAST(CAST(valu AS float) AS INT))  from EndPointIOs
	where [ExecTimeStamp] between CONVERT(varchar(10),DATEADD(day,-10,GetDate()), 120) + ' 00:00:00' and CONVERT(varchar(10),DATEADD(day,-9,GetDate()), 120) + ' 00:00:00' and EndPointID = @EPID)as '10',

			(select max(CAST(CAST(valu AS float) AS INT))  from EndPointIOs
	where [ExecTimeStamp] between CONVERT(varchar(10),DATEADD(day,-11,GetDate()), 120) + ' 00:00:00' and CONVERT(varchar(10),DATEADD(day,-10,GetDate()), 120) + ' 00:00:00' and EndPointID = @EPID)as '11',

			(select max(CAST(CAST(valu AS float) AS INT))  from EndPointIOs
	where [ExecTimeStamp] between CONVERT(varchar(10),DATEADD(day,-12,GetDate()), 120) + ' 00:00:00' and CONVERT(varchar(10),DATEADD(day,-11,GetDate()), 120) + ' 00:00:00' and EndPointID = @EPID)as '12',

			(select max(CAST(CAST(valu AS float) AS INT))  from EndPointIOs
	where [ExecTimeStamp] between CONVERT(varchar(10),DATEADD(day,-13,GetDate()), 120) + ' 00:00:00' and CONVERT(varchar(10),DATEADD(day,-12,GetDate()), 120) + ' 00:00:00' and EndPointID = @EPID)as '13',

			(select max(CAST(CAST(valu AS float) AS INT))  from EndPointIOs
	where [ExecTimeStamp] between CONVERT(varchar(10),DATEADD(day,-14,GetDate()), 120) + ' 00:00:00' and CONVERT(varchar(10),DATEADD(day,-13,GetDate()), 120) + ' 00:00:00' and EndPointID = @EPID)as '14',

			(select max(CAST(CAST(valu AS float) AS INT))  from EndPointIOs
	where [ExecTimeStamp] between CONVERT(varchar(10),DATEADD(day,-15,GetDate()), 120) + ' 00:00:00' and CONVERT(varchar(10),DATEADD(day,-14,GetDate()), 120) + ' 00:00:00' and EndPointID = @EPID)as '15',

			(select max(CAST(CAST(valu AS float) AS INT))  from EndPointIOs
	where [ExecTimeStamp] between CONVERT(varchar(10),DATEADD(day,-16,GetDate()), 120) + ' 00:00:00' and CONVERT(varchar(10),DATEADD(day,-15,GetDate()), 120) + ' 00:00:00' and EndPointID = @EPID)as '16',

			(select max(CAST(CAST(valu AS float) AS INT))  from EndPointIOs
	where [ExecTimeStamp] between CONVERT(varchar(10),DATEADD(day,-17,GetDate()), 120) + ' 00:00:00' and CONVERT(varchar(10),DATEADD(day,-16,GetDate()), 120) + ' 00:00:00' and EndPointID = @EPID)as '17',

			(select max(CAST(CAST(valu AS float) AS INT))  from EndPointIOs
	where [ExecTimeStamp] between CONVERT(varchar(10),DATEADD(day,-18,GetDate()), 120) + ' 00:00:00' and CONVERT(varchar(10),DATEADD(day,-17,GetDate()), 120) + ' 00:00:00' and EndPointID = @EPID)as '18',

			(select max(CAST(CAST(valu AS float) AS INT))  from EndPointIOs
	where [ExecTimeStamp] between CONVERT(varchar(10),DATEADD(day,-19,GetDate()), 120) + ' 00:00:00' and CONVERT(varchar(10),DATEADD(day,-18,GetDate()), 120) + ' 00:00:00' and EndPointID = @EPID)as '19',

	(select max(CAST(CAST(valu AS float) AS INT))  from EndPointIOs
	where [ExecTimeStamp] between CONVERT(varchar(10),DATEADD(day,-20,GetDate()), 120) + ' 00:00:00' and CONVERT(varchar(10),DATEADD(day,-19,GetDate()), 120) + ' 00:00:00' and EndPointID = @EPID)as '20',

	(select max(CAST(CAST(valu AS float) AS INT))  from EndPointIOs
	where [ExecTimeStamp] between CONVERT(varchar(10),DATEADD(day,-21,GetDate()), 120) + ' 00:00:00' and CONVERT(varchar(10),DATEADD(day,-20,GetDate()), 120) + ' 00:00:00' and EndPointID = @EPID)as '21',

	(select max(CAST(CAST(valu AS float) AS INT))  from EndPointIOs
	where [ExecTimeStamp] between CONVERT(varchar(10),DATEADD(day,-22,GetDate()), 120) + ' 00:00:00' and CONVERT(varchar(10),DATEADD(day,-21,GetDate()), 120) + ' 00:00:00' and EndPointID = @EPID)as '22',

	(select max(CAST(CAST(valu AS float) AS INT))  from EndPointIOs
	where [ExecTimeStamp] between CONVERT(varchar(10),DATEADD(day,-23,GetDate()), 120) + ' 00:00:00' and CONVERT(varchar(10),DATEADD(day,-22,GetDate()), 120) + ' 00:00:00' and EndPointID = @EPID)as '23',

	(select max(CAST(CAST(valu AS float) AS INT))  from EndPointIOs
	where [ExecTimeStamp] between CONVERT(varchar(10),DATEADD(day,-24,GetDate()), 120) + ' 00:00:00' and CONVERT(varchar(10),DATEADD(day,-23,GetDate()), 120) + ' 00:00:00' and EndPointID = @EPID)as '24',

	(select max(CAST(CAST(valu AS float) AS INT))  from EndPointIOs
	where [ExecTimeStamp] between CONVERT(varchar(10),DATEADD(day,-25,GetDate()), 120) + ' 00:00:00' and CONVERT(varchar(10),DATEADD(day,-24,GetDate()), 120) + ' 00:00:00' and EndPointID = @EPID)as '25',

	(select max(CAST(CAST(valu AS float) AS INT))  from EndPointIOs
	where [ExecTimeStamp] between CONVERT(varchar(10),DATEADD(day,-26,GetDate()), 120) + ' 00:00:00' and CONVERT(varchar(10),DATEADD(day,-25,GetDate()), 120) + ' 00:00:00' and EndPointID = @EPID)as '26',

	(select max(CAST(CAST(valu AS float) AS INT))  from EndPointIOs
	where [ExecTimeStamp] between CONVERT(varchar(10),DATEADD(day,-27,GetDate()), 120) + ' 00:00:00' and CONVERT(varchar(10),DATEADD(day,-26,GetDate()), 120) + ' 00:00:00' and EndPointID = @EPID)as '27',


	(select max(CAST(CAST(valu AS float) AS INT))  from EndPointIOs
	where [ExecTimeStamp] between CONVERT(varchar(10),DATEADD(day,-28,GetDate()), 120) + ' 00:00:00' and CONVERT(varchar(10),DATEADD(day,-27,GetDate()), 120) + ' 00:00:00' and EndPointID = @EPID)as '28',

	(select max(CAST(CAST(valu AS float) AS INT))  from EndPointIOs
	where [ExecTimeStamp] between CONVERT(varchar(10),DATEADD(day,-29,GetDate()), 120) + ' 00:00:00' and CONVERT(varchar(10),DATEADD(day,-28,GetDate()), 120) + ' 00:00:00' and EndPointID = @EPID)as '29',


	(select max(CAST(CAST(valu AS float) AS INT))  from EndPointIOs
	where [ExecTimeStamp] between CONVERT(varchar(10),DATEADD(day,-30,GetDate()), 120) + ' 00:00:00' and CONVERT(varchar(10),DATEADD(day,-29,GetDate()), 120) + ' 00:00:00' and EndPointID = @EPID)as '30'

from [Endpoints] e where e.ID = @EPID

)
union all
(
select ID,Title,'avg' as 'Fx',

	(select avg(CAST(CAST(valu AS float) AS INT))  from EndPointIOs
	where [ExecTimeStamp] between CONVERT(varchar(10),DATEADD(day,-1,GetDate()), 120) + ' 00:00:00'  and GetDate() and EndPointID = @EPID)as '1',

	(select avg(CAST(CAST(valu AS float) AS INT))  from EndPointIOs
	where [ExecTimeStamp] between CONVERT(varchar(10),DATEADD(day,-2,GetDate()), 120) + ' 00:00:00' and CONVERT(varchar(10),DATEADD(day,-1,GetDate()), 120) + ' 00:00:00' and EndPointID = @EPID)as '2',

		(select avg(CAST(CAST(valu AS float) AS INT))  from EndPointIOs
	where [ExecTimeStamp] between CONVERT(varchar(10),DATEADD(day,-3,GetDate()), 120) + ' 00:00:00' and CONVERT(varchar(10),DATEADD(day,-2,GetDate()), 120) + ' 00:00:00' and EndPointID = @EPID)as '3',

		(select avg(CAST(CAST(valu AS float) AS INT))  from EndPointIOs
	where [ExecTimeStamp] between CONVERT(varchar(10),DATEADD(day,-4,GetDate()), 120) + ' 00:00:00' and CONVERT(varchar(10),DATEADD(day,-3,GetDate()), 120) + ' 00:00:00' and EndPointID = @EPID)as '4',
	
			(select avg(CAST(CAST(valu AS float) AS INT))  from EndPointIOs
	where [ExecTimeStamp] between CONVERT(varchar(10),DATEADD(day,-5,GetDate()), 120) + ' 00:00:00' and CONVERT(varchar(10),DATEADD(day,-4,GetDate()), 120) + ' 00:00:00' and EndPointID = @EPID)as '5',

			(select avg(CAST(CAST(valu AS float) AS INT))  from EndPointIOs
	where [ExecTimeStamp] between CONVERT(varchar(10),DATEADD(day,-6,GetDate()), 120) + ' 00:00:00' and CONVERT(varchar(10),DATEADD(day,-5,GetDate()), 120) + ' 00:00:00' and EndPointID = @EPID)as '6',

			(select avg(CAST(CAST(valu AS float) AS INT))  from EndPointIOs
	where [ExecTimeStamp] between CONVERT(varchar(10),DATEADD(day,-7,GetDate()), 120) + ' 00:00:00' and CONVERT(varchar(10),DATEADD(day,-6,GetDate()), 120) + ' 00:00:00' and EndPointID = @EPID)as '7',

			(select avg(CAST(CAST(valu AS float) AS INT))  from EndPointIOs
	where [ExecTimeStamp] between CONVERT(varchar(10),DATEADD(day,-8,GetDate()), 120) + ' 00:00:00' and CONVERT(varchar(10),DATEADD(day,-7,GetDate()), 120) + ' 00:00:00' and EndPointID = @EPID)as '8',

			(select avg(CAST(CAST(valu AS float) AS INT))  from EndPointIOs
	where [ExecTimeStamp] between CONVERT(varchar(10),DATEADD(day,-9,GetDate()), 120) + ' 00:00:00' and CONVERT(varchar(10),DATEADD(day,-8,GetDate()), 120) + ' 00:00:00' and EndPointID = @EPID)as '9',

			(select avg(CAST(CAST(valu AS float) AS INT))  from EndPointIOs
	where [ExecTimeStamp] between CONVERT(varchar(10),DATEADD(day,-10,GetDate()), 120) + ' 00:00:00' and CONVERT(varchar(10),DATEADD(day,-9,GetDate()), 120) + ' 00:00:00' and EndPointID = @EPID)as '10',

			(select avg(CAST(CAST(valu AS float) AS INT))  from EndPointIOs
	where [ExecTimeStamp] between CONVERT(varchar(10),DATEADD(day,-11,GetDate()), 120) + ' 00:00:00' and CONVERT(varchar(10),DATEADD(day,-10,GetDate()), 120) + ' 00:00:00' and EndPointID = @EPID)as '11',

			(select avg(CAST(CAST(valu AS float) AS INT))  from EndPointIOs
	where [ExecTimeStamp] between CONVERT(varchar(10),DATEADD(day,-12,GetDate()), 120) + ' 00:00:00' and CONVERT(varchar(10),DATEADD(day,-11,GetDate()), 120) + ' 00:00:00' and EndPointID = @EPID)as '12',

			(select avg(CAST(CAST(valu AS float) AS INT))  from EndPointIOs
	where [ExecTimeStamp] between CONVERT(varchar(10),DATEADD(day,-13,GetDate()), 120) + ' 00:00:00' and CONVERT(varchar(10),DATEADD(day,-12,GetDate()), 120) + ' 00:00:00' and EndPointID = @EPID)as '13',

			(select avg(CAST(CAST(valu AS float) AS INT))  from EndPointIOs
	where [ExecTimeStamp] between CONVERT(varchar(10),DATEADD(day,-14,GetDate()), 120) + ' 00:00:00' and CONVERT(varchar(10),DATEADD(day,-13,GetDate()), 120) + ' 00:00:00' and EndPointID = @EPID)as '14',

			(select avg(CAST(CAST(valu AS float) AS INT))  from EndPointIOs
	where [ExecTimeStamp] between CONVERT(varchar(10),DATEADD(day,-15,GetDate()), 120) + ' 00:00:00' and CONVERT(varchar(10),DATEADD(day,-14,GetDate()), 120) + ' 00:00:00' and EndPointID = @EPID)as '15',

			(select avg(CAST(CAST(valu AS float) AS INT))  from EndPointIOs
	where [ExecTimeStamp] between CONVERT(varchar(10),DATEADD(day,-16,GetDate()), 120) + ' 00:00:00' and CONVERT(varchar(10),DATEADD(day,-15,GetDate()), 120) + ' 00:00:00' and EndPointID = @EPID)as '16',

			(select avg(CAST(CAST(valu AS float) AS INT))  from EndPointIOs
	where [ExecTimeStamp] between CONVERT(varchar(10),DATEADD(day,-17,GetDate()), 120) + ' 00:00:00' and CONVERT(varchar(10),DATEADD(day,-16,GetDate()), 120) + ' 00:00:00' and EndPointID = @EPID)as '17',

			(select avg(CAST(CAST(valu AS float) AS INT))  from EndPointIOs
	where [ExecTimeStamp] between CONVERT(varchar(10),DATEADD(day,-18,GetDate()), 120) + ' 00:00:00' and CONVERT(varchar(10),DATEADD(day,-17,GetDate()), 120) + ' 00:00:00' and EndPointID = @EPID)as '18',

			(select avg(CAST(CAST(valu AS float) AS INT))  from EndPointIOs
	where [ExecTimeStamp] between CONVERT(varchar(10),DATEADD(day,-19,GetDate()), 120) + ' 00:00:00' and CONVERT(varchar(10),DATEADD(day,-18,GetDate()), 120) + ' 00:00:00' and EndPointID = @EPID)as '19',

	(select avg(CAST(CAST(valu AS float) AS INT))  from EndPointIOs
	where [ExecTimeStamp] between CONVERT(varchar(10),DATEADD(day,-20,GetDate()), 120) + ' 00:00:00' and CONVERT(varchar(10),DATEADD(day,-19,GetDate()), 120) + ' 00:00:00' and EndPointID = @EPID)as '20',

	(select avg(CAST(CAST(valu AS float) AS INT))  from EndPointIOs
	where [ExecTimeStamp] between CONVERT(varchar(10),DATEADD(day,-21,GetDate()), 120) + ' 00:00:00' and CONVERT(varchar(10),DATEADD(day,-20,GetDate()), 120) + ' 00:00:00' and EndPointID = @EPID)as '21',

	(select avg(CAST(CAST(valu AS float) AS INT))  from EndPointIOs
	where [ExecTimeStamp] between CONVERT(varchar(10),DATEADD(day,-22,GetDate()), 120) + ' 00:00:00' and CONVERT(varchar(10),DATEADD(day,-21,GetDate()), 120) + ' 00:00:00' and EndPointID = @EPID)as '22',

	(select avg(CAST(CAST(valu AS float) AS INT))  from EndPointIOs
	where [ExecTimeStamp] between CONVERT(varchar(10),DATEADD(day,-23,GetDate()), 120) + ' 00:00:00' and CONVERT(varchar(10),DATEADD(day,-22,GetDate()), 120) + ' 00:00:00' and EndPointID = @EPID)as '23',

	(select avg(CAST(CAST(valu AS float) AS INT))  from EndPointIOs
	where [ExecTimeStamp] between CONVERT(varchar(10),DATEADD(day,-24,GetDate()), 120) + ' 00:00:00' and CONVERT(varchar(10),DATEADD(day,-23,GetDate()), 120) + ' 00:00:00' and EndPointID = @EPID)as '24',

	(select avg(CAST(CAST(valu AS float) AS INT))  from EndPointIOs
	where [ExecTimeStamp] between CONVERT(varchar(10),DATEADD(day,-25,GetDate()), 120) + ' 00:00:00' and CONVERT(varchar(10),DATEADD(day,-24,GetDate()), 120) + ' 00:00:00' and EndPointID = @EPID)as '25',

	(select avg(CAST(CAST(valu AS float) AS INT))  from EndPointIOs
	where [ExecTimeStamp] between CONVERT(varchar(10),DATEADD(day,-26,GetDate()), 120) + ' 00:00:00' and CONVERT(varchar(10),DATEADD(day,-25,GetDate()), 120) + ' 00:00:00' and EndPointID = @EPID)as '26',

	(select avg(CAST(CAST(valu AS float) AS INT))  from EndPointIOs
	where [ExecTimeStamp] between CONVERT(varchar(10),DATEADD(day,-27,GetDate()), 120) + ' 00:00:00' and CONVERT(varchar(10),DATEADD(day,-26,GetDate()), 120) + ' 00:00:00' and EndPointID = @EPID)as '27',


	(select avg(CAST(CAST(valu AS float) AS INT))  from EndPointIOs
	where [ExecTimeStamp] between CONVERT(varchar(10),DATEADD(day,-28,GetDate()), 120) + ' 00:00:00' and CONVERT(varchar(10),DATEADD(day,-27,GetDate()), 120) + ' 00:00:00' and EndPointID = @EPID)as '28',

	(select avg(CAST(CAST(valu AS float) AS INT))  from EndPointIOs
	where [ExecTimeStamp] between CONVERT(varchar(10),DATEADD(day,-29,GetDate()), 120) + ' 00:00:00' and CONVERT(varchar(10),DATEADD(day,-28,GetDate()), 120) + ' 00:00:00' and EndPointID = @EPID)as '29',


	(select avg(CAST(CAST(valu AS float) AS INT))  from EndPointIOs
	where [ExecTimeStamp] between CONVERT(varchar(10),DATEADD(day,-30,GetDate()), 120) + ' 00:00:00' and CONVERT(varchar(10),DATEADD(day,-29,GetDate()), 120) + ' 00:00:00' and EndPointID = @EPID)as '30'

from [Endpoints] e where e.ID = @EPID

)
end


GO
/****** Object:  StoredProcedure [dbo].[Rpt_EndPoint_IOs_HOURs]    Script Date: 6/22/2016 10:00:50 PM ******/
SET ANSI_NULLS ON
GO
SET QUOTED_IDENTIFIER ON
GO
CREATE procedure [dbo].[Rpt_EndPoint_IOs_HOURs] 
 @EPID bigint
 as
 begin
 SET NOCOUNT ON

	declare @EPTimeZone int 
	select @EPTimeZone =   d.UTC_Diff from [endpoints] e, devices d where  e.DeviceID = d.ID and  e.id = @EPID
	declare @StartTime datetime
	set @StartTime = dateadd(HOUR,@EPTimeZone,GETUTCDATE() )

 select ID,Title,'Min' as 'Fx',

	(select min(CAST(CAST(valu AS float) AS INT))  from EndPointIOs
	where [ExecTimeStamp] between DATEADD(HOUR,-1,@StartTime)  and DATEADD(HOUR,-0,@StartTime) and EndPointID = @EPID)as '1',

	(select min(CAST(CAST(valu AS float) AS INT))  from EndPointIOs
	where [ExecTimeStamp] between DATEADD(HOUR,-2,@StartTime)  and DATEADD(HOUR,-1,@StartTime) and EndPointID = @EPID)as '2',

	(select min(CAST(CAST(valu AS float) AS INT))  from EndPointIOs
	where [ExecTimeStamp] between DATEADD(HOUR,-3,@StartTime)  and DATEADD(HOUR,-2,@StartTime) and EndPointID = @EPID)as '3',

	(select min(CAST(CAST(valu AS float) AS INT))  from EndPointIOs
	where [ExecTimeStamp] between DATEADD(HOUR,-4,@StartTime)  and DATEADD(HOUR,-3,@StartTime) and EndPointID = @EPID)as '4',

	(select min(CAST(CAST(valu AS float) AS INT))  from EndPointIOs
	where [ExecTimeStamp] between DATEADD(HOUR,-5,@StartTime)  and DATEADD(HOUR,-4,@StartTime) and EndPointID = @EPID)as '5',

	(select min(CAST(CAST(valu AS float) AS INT))  from EndPointIOs
	where [ExecTimeStamp] between DATEADD(HOUR,-6,@StartTime)  and DATEADD(HOUR,-5,@StartTime) and EndPointID = @EPID)as '6',

	(select min(CAST(CAST(valu AS float) AS INT))  from EndPointIOs
	where [ExecTimeStamp] between DATEADD(HOUR,-7,@StartTime)  and DATEADD(HOUR,-6,@StartTime) and EndPointID = @EPID)as '7',

	(select min(CAST(CAST(valu AS float) AS INT))  from EndPointIOs
	where [ExecTimeStamp] between DATEADD(HOUR,-8,@StartTime)  and DATEADD(HOUR,-7,@StartTime) and EndPointID = @EPID)as '8',

	(select min(CAST(CAST(valu AS float) AS INT))  from EndPointIOs
	where [ExecTimeStamp] between DATEADD(HOUR,-9,@StartTime)  and DATEADD(HOUR,-8,@StartTime) and EndPointID = @EPID)as '9',

	(select min(CAST(CAST(valu AS float) AS INT))  from EndPointIOs
	where [ExecTimeStamp] between DATEADD(HOUR,-10,@StartTime)  and DATEADD(HOUR,-9,@StartTime) and EndPointID = @EPID)as '10',

	(select min(CAST(CAST(valu AS float) AS INT))  from EndPointIOs
	where [ExecTimeStamp] between DATEADD(HOUR,-11,@StartTime)  and DATEADD(HOUR,-10,@StartTime) and EndPointID = @EPID)as '11',

	(select min(CAST(CAST(valu AS float) AS INT))  from EndPointIOs
	where [ExecTimeStamp] between DATEADD(HOUR,-12,@StartTime)  and DATEADD(HOUR,-11,@StartTime) and EndPointID = @EPID)as '12',

	(select min(CAST(CAST(valu AS float) AS INT))  from EndPointIOs
	where [ExecTimeStamp] between DATEADD(HOUR,-13,@StartTime)  and DATEADD(HOUR,-12,@StartTime) and EndPointID = @EPID)as '13',

	(select min(CAST(CAST(valu AS float) AS INT))  from EndPointIOs
	where [ExecTimeStamp] between DATEADD(HOUR,-14,@StartTime)  and DATEADD(HOUR,-13,@StartTime) and EndPointID = @EPID)as '14',

	(select min(CAST(CAST(valu AS float) AS INT))  from EndPointIOs
	where [ExecTimeStamp] between DATEADD(HOUR,-15,@StartTime)  and DATEADD(HOUR,-14,@StartTime) and EndPointID = @EPID)as '15',

	(select min(CAST(CAST(valu AS float) AS INT))  from EndPointIOs
	where [ExecTimeStamp] between DATEADD(HOUR,-16,@StartTime)  and DATEADD(HOUR,-15,@StartTime) and EndPointID = @EPID)as '16',

	(select min(CAST(CAST(valu AS float) AS INT))  from EndPointIOs
	where [ExecTimeStamp] between DATEADD(HOUR,-17,@StartTime)  and DATEADD(HOUR,-16,@StartTime) and EndPointID = @EPID)as '17',

	(select min(CAST(CAST(valu AS float) AS INT))  from EndPointIOs
	where [ExecTimeStamp] between DATEADD(HOUR,-18,@StartTime)  and DATEADD(HOUR,-17,@StartTime) and EndPointID = @EPID)as '18',

	(select min(CAST(CAST(valu AS float) AS INT))  from EndPointIOs
	where [ExecTimeStamp] between DATEADD(HOUR,-19,@StartTime)  and DATEADD(HOUR,-18,@StartTime) and EndPointID = @EPID)as '19',

	(select min(CAST(CAST(valu AS float) AS INT))  from EndPointIOs
	where [ExecTimeStamp] between DATEADD(HOUR,-20,@StartTime)  and DATEADD(HOUR,-19,@StartTime) and EndPointID = @EPID)as '20',

	(select min(CAST(CAST(valu AS float) AS INT))  from EndPointIOs
	where [ExecTimeStamp] between DATEADD(HOUR,-21,@StartTime)  and DATEADD(HOUR,-20,@StartTime) and EndPointID = @EPID)as '21',

	(select min(CAST(CAST(valu AS float) AS INT))  from EndPointIOs
	where [ExecTimeStamp] between DATEADD(HOUR,-22,@StartTime)  and DATEADD(HOUR,-21,@StartTime) and EndPointID = @EPID)as '22',

	(select min(CAST(CAST(valu AS float) AS INT))  from EndPointIOs
	where [ExecTimeStamp] between DATEADD(HOUR,-23,@StartTime)  and DATEADD(HOUR,-22,@StartTime) and EndPointID = @EPID)as '23',

	(select min(CAST(CAST(valu AS float) AS INT))  from EndPointIOs
	where [ExecTimeStamp] between DATEADD(HOUR,-24,@StartTime)  and DATEADD(HOUR,-23,@StartTime) and EndPointID = @EPID)as '24'


from [Endpoints] e where e.ID = @EPID

union all

(
select ID,Title,'max' as 'Fx',

		(select max(CAST(CAST(valu AS float) AS INT))  from EndPointIOs
	where [ExecTimeStamp] between DATEADD(HOUR,-1,@StartTime)  and DATEADD(HOUR,-0,@StartTime) and EndPointID = @EPID)as '1',

	(select max(CAST(CAST(valu AS float) AS INT))  from EndPointIOs
	where [ExecTimeStamp] between DATEADD(HOUR,-2,@StartTime)  and DATEADD(HOUR,-1,@StartTime) and EndPointID = @EPID)as '2',

	(select max(CAST(CAST(valu AS float) AS INT))  from EndPointIOs
	where [ExecTimeStamp] between DATEADD(HOUR,-3,@StartTime)  and DATEADD(HOUR,-2,@StartTime) and EndPointID = @EPID)as '3',

	(select max(CAST(CAST(valu AS float) AS INT))  from EndPointIOs
	where [ExecTimeStamp] between DATEADD(HOUR,-4,@StartTime)  and DATEADD(HOUR,-3,@StartTime) and EndPointID = @EPID)as '41',

	(select max(CAST(CAST(valu AS float) AS INT))  from EndPointIOs
	where [ExecTimeStamp] between DATEADD(HOUR,-5,@StartTime)  and DATEADD(HOUR,-4,@StartTime) and EndPointID = @EPID)as '5',

	(select max(CAST(CAST(valu AS float) AS INT))  from EndPointIOs
	where [ExecTimeStamp] between DATEADD(HOUR,-6,@StartTime)  and DATEADD(HOUR,-5,@StartTime) and EndPointID = @EPID)as '6',

	(select max(CAST(CAST(valu AS float) AS INT))  from EndPointIOs
	where [ExecTimeStamp] between DATEADD(HOUR,-7,@StartTime)  and DATEADD(HOUR,-6,@StartTime) and EndPointID = @EPID)as '7',

	(select max(CAST(CAST(valu AS float) AS INT))  from EndPointIOs
	where [ExecTimeStamp] between DATEADD(HOUR,-8,@StartTime)  and DATEADD(HOUR,-7,@StartTime) and EndPointID = @EPID)as '8',

	(select max(CAST(CAST(valu AS float) AS INT))  from EndPointIOs
	where [ExecTimeStamp] between DATEADD(HOUR,-9,@StartTime)  and DATEADD(HOUR,-8,@StartTime) and EndPointID = @EPID)as '9',

	(select max(CAST(CAST(valu AS float) AS INT))  from EndPointIOs
	where [ExecTimeStamp] between DATEADD(HOUR,-10,@StartTime)  and DATEADD(HOUR,-9,@StartTime) and EndPointID = @EPID)as '10',

	(select max(CAST(CAST(valu AS float) AS INT))  from EndPointIOs
	where [ExecTimeStamp] between DATEADD(HOUR,-11,@StartTime)  and DATEADD(HOUR,-10,@StartTime) and EndPointID = @EPID)as '11',

	(select max(CAST(CAST(valu AS float) AS INT))  from EndPointIOs
	where [ExecTimeStamp] between DATEADD(HOUR,-12,@StartTime)  and DATEADD(HOUR,-11,@StartTime) and EndPointID = @EPID)as '12',

	(select max(CAST(CAST(valu AS float) AS INT))  from EndPointIOs
	where [ExecTimeStamp] between DATEADD(HOUR,-13,@StartTime)  and DATEADD(HOUR,-12,@StartTime) and EndPointID = @EPID)as '13',

	(select max(CAST(CAST(valu AS float) AS INT))  from EndPointIOs
	where [ExecTimeStamp] between DATEADD(HOUR,-14,@StartTime)  and DATEADD(HOUR,-13,@StartTime) and EndPointID = @EPID)as '14',

	(select max(CAST(CAST(valu AS float) AS INT))  from EndPointIOs
	where [ExecTimeStamp] between DATEADD(HOUR,-15,@StartTime)  and DATEADD(HOUR,-14,@StartTime) and EndPointID = @EPID)as '15',

	(select max(CAST(CAST(valu AS float) AS INT))  from EndPointIOs
	where [ExecTimeStamp] between DATEADD(HOUR,-16,@StartTime)  and DATEADD(HOUR,-15,@StartTime) and EndPointID = @EPID)as '16',

	(select max(CAST(CAST(valu AS float) AS INT))  from EndPointIOs
	where [ExecTimeStamp] between DATEADD(HOUR,-17,@StartTime)  and DATEADD(HOUR,-16,@StartTime) and EndPointID = @EPID)as '17',

	(select max(CAST(CAST(valu AS float) AS INT))  from EndPointIOs
	where [ExecTimeStamp] between DATEADD(HOUR,-18,@StartTime)  and DATEADD(HOUR,-17,@StartTime) and EndPointID = @EPID)as '18',

	(select max(CAST(CAST(valu AS float) AS INT))  from EndPointIOs
	where [ExecTimeStamp] between DATEADD(HOUR,-19,@StartTime)  and DATEADD(HOUR,-18,@StartTime) and EndPointID = @EPID)as '19',

	(select max(CAST(CAST(valu AS float) AS INT))  from EndPointIOs
	where [ExecTimeStamp] between DATEADD(HOUR,-20,@StartTime)  and DATEADD(HOUR,-19,@StartTime) and EndPointID = @EPID)as '20',

	(select max(CAST(CAST(valu AS float) AS INT))  from EndPointIOs
	where [ExecTimeStamp] between DATEADD(HOUR,-21,@StartTime)  and DATEADD(HOUR,-20,@StartTime) and EndPointID = @EPID)as '21',

	(select max(CAST(CAST(valu AS float) AS INT))  from EndPointIOs
	where [ExecTimeStamp] between DATEADD(HOUR,-22,@StartTime)  and DATEADD(HOUR,-21,@StartTime) and EndPointID = @EPID)as '22',

	(select max(CAST(CAST(valu AS float) AS INT))  from EndPointIOs
	where [ExecTimeStamp] between DATEADD(HOUR,-23,@StartTime)  and DATEADD(HOUR,-22,@StartTime) and EndPointID = @EPID)as '23',

	(select max(CAST(CAST(valu AS float) AS INT))  from EndPointIOs
	where [ExecTimeStamp] between DATEADD(HOUR,-24,@StartTime)  and DATEADD(HOUR,-23,@StartTime) and EndPointID = @EPID)as '24'



from [Endpoints] e where e.ID = @EPID

)
union all
(
select ID,Title,'avg' as 'Fx',

		(select avg(CAST(CAST(valu AS float) AS INT))  from EndPointIOs
	where [ExecTimeStamp] between DATEADD(HOUR,-1,@StartTime)  and DATEADD(HOUR,-0,@StartTime) and EndPointID = @EPID)as '1',

	(select avg(CAST(CAST(valu AS float) AS INT))  from EndPointIOs
	where [ExecTimeStamp] between DATEADD(HOUR,-2,@StartTime)  and DATEADD(HOUR,-1,@StartTime) and EndPointID = @EPID)as '2',

	(select avg(CAST(CAST(valu AS float) AS INT))  from EndPointIOs
	where [ExecTimeStamp] between DATEADD(HOUR,-3,@StartTime)  and DATEADD(HOUR,-2,@StartTime) and EndPointID = @EPID)as '3',

	(select avg(CAST(CAST(valu AS float) AS INT))  from EndPointIOs
	where [ExecTimeStamp] between DATEADD(HOUR,-4,@StartTime)  and DATEADD(HOUR,-3,@StartTime) and EndPointID = @EPID)as '41',

	(select avg(CAST(CAST(valu AS float) AS INT))  from EndPointIOs
	where [ExecTimeStamp] between DATEADD(HOUR,-5,@StartTime)  and DATEADD(HOUR,-4,@StartTime) and EndPointID = @EPID)as '5',

	(select avg(CAST(CAST(valu AS float) AS INT))  from EndPointIOs
	where [ExecTimeStamp] between DATEADD(HOUR,-6,@StartTime)  and DATEADD(HOUR,-5,@StartTime) and EndPointID = @EPID)as '6',

	(select avg(CAST(CAST(valu AS float) AS INT))  from EndPointIOs
	where [ExecTimeStamp] between DATEADD(HOUR,-7,@StartTime)  and DATEADD(HOUR,-6,@StartTime) and EndPointID = @EPID)as '7',

	(select avg(CAST(CAST(valu AS float) AS INT))  from EndPointIOs
	where [ExecTimeStamp] between DATEADD(HOUR,-8,@StartTime)  and DATEADD(HOUR,-7,@StartTime) and EndPointID = @EPID)as '8',

	(select avg(CAST(CAST(valu AS float) AS INT))  from EndPointIOs
	where [ExecTimeStamp] between DATEADD(HOUR,-9,@StartTime)  and DATEADD(HOUR,-8,@StartTime) and EndPointID = @EPID)as '9',

	(select avg(CAST(CAST(valu AS float) AS INT))  from EndPointIOs
	where [ExecTimeStamp] between DATEADD(HOUR,-10,@StartTime)  and DATEADD(HOUR,-9,@StartTime) and EndPointID = @EPID)as '10',

	(select avg(CAST(CAST(valu AS float) AS INT))  from EndPointIOs
	where [ExecTimeStamp] between DATEADD(HOUR,-11,@StartTime)  and DATEADD(HOUR,-10,@StartTime) and EndPointID = @EPID)as '11',

	(select avg(CAST(CAST(valu AS float) AS INT))  from EndPointIOs
	where [ExecTimeStamp] between DATEADD(HOUR,-12,@StartTime)  and DATEADD(HOUR,-11,@StartTime) and EndPointID = @EPID)as '12',

	(select avg(CAST(CAST(valu AS float) AS INT))  from EndPointIOs
	where [ExecTimeStamp] between DATEADD(HOUR,-13,@StartTime)  and DATEADD(HOUR,-12,@StartTime) and EndPointID = @EPID)as '13',

	(select avg(CAST(CAST(valu AS float) AS INT))  from EndPointIOs
	where [ExecTimeStamp] between DATEADD(HOUR,-14,@StartTime)  and DATEADD(HOUR,-13,@StartTime) and EndPointID = @EPID)as '14',

	(select avg(CAST(CAST(valu AS float) AS INT))  from EndPointIOs
	where [ExecTimeStamp] between DATEADD(HOUR,-15,@StartTime)  and DATEADD(HOUR,-14,@StartTime) and EndPointID = @EPID)as '15',

	(select avg(CAST(CAST(valu AS float) AS INT))  from EndPointIOs
	where [ExecTimeStamp] between DATEADD(HOUR,-16,@StartTime)  and DATEADD(HOUR,-15,@StartTime) and EndPointID = @EPID)as '16',

	(select avg(CAST(CAST(valu AS float) AS INT))  from EndPointIOs
	where [ExecTimeStamp] between DATEADD(HOUR,-17,@StartTime)  and DATEADD(HOUR,-16,@StartTime) and EndPointID = @EPID)as '17',

	(select avg(CAST(CAST(valu AS float) AS INT))  from EndPointIOs
	where [ExecTimeStamp] between DATEADD(HOUR,-18,@StartTime)  and DATEADD(HOUR,-17,@StartTime) and EndPointID = @EPID)as '18',

	(select avg(CAST(CAST(valu AS float) AS INT))  from EndPointIOs
	where [ExecTimeStamp] between DATEADD(HOUR,-19,@StartTime)  and DATEADD(HOUR,-18,@StartTime) and EndPointID = @EPID)as '19',

	(select avg(CAST(CAST(valu AS float) AS INT))  from EndPointIOs
	where [ExecTimeStamp] between DATEADD(HOUR,-20,@StartTime)  and DATEADD(HOUR,-19,@StartTime) and EndPointID = @EPID)as '20',

	(select avg(CAST(CAST(valu AS float) AS INT))  from EndPointIOs
	where [ExecTimeStamp] between DATEADD(HOUR,-21,@StartTime)  and DATEADD(HOUR,-20,@StartTime) and EndPointID = @EPID)as '21',

	(select avg(CAST(CAST(valu AS float) AS INT))  from EndPointIOs
	where [ExecTimeStamp] between DATEADD(HOUR,-22,@StartTime)  and DATEADD(HOUR,-21,@StartTime) and EndPointID = @EPID)as '22',

	(select avg(CAST(CAST(valu AS float) AS INT))  from EndPointIOs
	where [ExecTimeStamp] between DATEADD(HOUR,-23,@StartTime)  and DATEADD(HOUR,-22,@StartTime) and EndPointID = @EPID)as '23',

	(select avg(CAST(CAST(valu AS float) AS INT))  from EndPointIOs
	where [ExecTimeStamp] between DATEADD(HOUR,-24,@StartTime)  and DATEADD(HOUR,-23,@StartTime) and EndPointID = @EPID)as '24'



from [Endpoints] e where e.ID = @EPID

)
end


GO
/****** Object:  StoredProcedure [dbo].[Rpt_EndPoint_IOs_Minutes]    Script Date: 6/22/2016 10:00:50 PM ******/
SET ANSI_NULLS ON
GO
SET QUOTED_IDENTIFIER ON
GO



CREATE procedure [dbo].[Rpt_EndPoint_IOs_Minutes] 
 @EPID bigint
 as
 begin
 SET NOCOUNT ON

	declare @EPTimeZone int 
	select @EPTimeZone =  d.UTC_Diff from [endpoints] e, devices d where  e.DeviceID = d.ID and  e.id = @EPID
 declare @StartTime datetime
 set @StartTime = dateadd(HOUR,@EPTimeZone,GETUTCDATE() )

 select ID,Title,'Min' as 'Fx',

	(select min(CAST(CAST(valu AS float) AS INT))  from EndPointIOs
	where [ExecTimeStamp] between DATEADD(minute,-1,@StartTime)  and DATEADD(minute,-0,@StartTime) and EndPointID = @EPID)as '1',

	(select min(CAST(CAST(valu AS float) AS INT))  from EndPointIOs
	where [ExecTimeStamp] between DATEADD(minute,-2,@StartTime)  and DATEADD(minute,-1,@StartTime) and EndPointID = @EPID)as '2',

	(select min(CAST(CAST(valu AS float) AS INT))  from EndPointIOs
	where [ExecTimeStamp] between DATEADD(minute,-3,@StartTime)  and DATEADD(minute,-2,@StartTime) and EndPointID = @EPID)as '3',

	(select min(CAST(CAST(valu AS float) AS INT))  from EndPointIOs
	where [ExecTimeStamp] between DATEADD(minute,-4,@StartTime)  and DATEADD(minute,-3,@StartTime) and EndPointID = @EPID)as '4',

	(select min(CAST(CAST(valu AS float) AS INT))  from EndPointIOs
	where [ExecTimeStamp] between DATEADD(minute,-5,@StartTime)  and DATEADD(minute,-4,@StartTime) and EndPointID = @EPID)as '5',

	(select min(CAST(CAST(valu AS float) AS INT))  from EndPointIOs
	where [ExecTimeStamp] between DATEADD(minute,-6,@StartTime)  and DATEADD(minute,-5,@StartTime) and EndPointID = @EPID)as '6',

	(select min(CAST(CAST(valu AS float) AS INT))  from EndPointIOs
	where [ExecTimeStamp] between DATEADD(minute,-7,@StartTime)  and DATEADD(minute,-6,@StartTime) and EndPointID = @EPID)as '7',

	(select min(CAST(CAST(valu AS float) AS INT))  from EndPointIOs
	where [ExecTimeStamp] between DATEADD(minute,-8,@StartTime)  and DATEADD(minute,-7,@StartTime) and EndPointID = @EPID)as '8',

	(select min(CAST(CAST(valu AS float) AS INT))  from EndPointIOs
	where [ExecTimeStamp] between DATEADD(minute,-9,@StartTime)  and DATEADD(minute,-8,@StartTime) and EndPointID = @EPID)as '9',

	(select min(CAST(CAST(valu AS float) AS INT))  from EndPointIOs
	where [ExecTimeStamp] between DATEADD(minute,-10,@StartTime)  and DATEADD(minute,-9,@StartTime) and EndPointID = @EPID)as '10',

	(select min(CAST(CAST(valu AS float) AS INT))  from EndPointIOs
	where [ExecTimeStamp] between DATEADD(minute,-11,@StartTime)  and DATEADD(minute,-10,@StartTime) and EndPointID = @EPID)as '11',

	(select min(CAST(CAST(valu AS float) AS INT))  from EndPointIOs
	where [ExecTimeStamp] between DATEADD(minute,-12,@StartTime)  and DATEADD(minute,-11,@StartTime) and EndPointID = @EPID)as '12',

	(select min(CAST(CAST(valu AS float) AS INT))  from EndPointIOs
	where [ExecTimeStamp] between DATEADD(minute,-13,@StartTime)  and DATEADD(minute,-12,@StartTime) and EndPointID = @EPID)as '13',

	(select min(CAST(CAST(valu AS float) AS INT))  from EndPointIOs
	where [ExecTimeStamp] between DATEADD(minute,-14,@StartTime)  and DATEADD(minute,-13,@StartTime) and EndPointID = @EPID)as '14',

	(select min(CAST(CAST(valu AS float) AS INT))  from EndPointIOs
	where [ExecTimeStamp] between DATEADD(minute,-15,@StartTime)  and DATEADD(minute,-14,@StartTime) and EndPointID = @EPID)as '15',

	(select min(CAST(CAST(valu AS float) AS INT))  from EndPointIOs
	where [ExecTimeStamp] between DATEADD(minute,-16,@StartTime)  and DATEADD(minute,-15,@StartTime) and EndPointID = @EPID)as '16',

	(select min(CAST(CAST(valu AS float) AS INT))  from EndPointIOs
	where [ExecTimeStamp] between DATEADD(minute,-17,@StartTime)  and DATEADD(minute,-16,@StartTime) and EndPointID = @EPID)as '17',

	(select min(CAST(CAST(valu AS float) AS INT))  from EndPointIOs
	where [ExecTimeStamp] between DATEADD(minute,-18,@StartTime)  and DATEADD(minute,-17,@StartTime) and EndPointID = @EPID)as '18',

	(select min(CAST(CAST(valu AS float) AS INT))  from EndPointIOs
	where [ExecTimeStamp] between DATEADD(minute,-19,@StartTime)  and DATEADD(minute,-18,@StartTime) and EndPointID = @EPID)as '19',

	(select min(CAST(CAST(valu AS float) AS INT))  from EndPointIOs
	where [ExecTimeStamp] between DATEADD(minute,-20,@StartTime)  and DATEADD(minute,-19,@StartTime) and EndPointID = @EPID)as '20',

	(select min(CAST(CAST(valu AS float) AS INT))  from EndPointIOs
	where [ExecTimeStamp] between DATEADD(minute,-21,@StartTime)  and DATEADD(minute,-20,@StartTime) and EndPointID = @EPID)as '21',

	(select min(CAST(CAST(valu AS float) AS INT))  from EndPointIOs
	where [ExecTimeStamp] between DATEADD(minute,-22,@StartTime)  and DATEADD(minute,-21,@StartTime) and EndPointID = @EPID)as '22',

	(select min(CAST(CAST(valu AS float) AS INT))  from EndPointIOs
	where [ExecTimeStamp] between DATEADD(minute,-23,@StartTime)  and DATEADD(minute,-22,@StartTime) and EndPointID = @EPID)as '23',

	(select min(CAST(CAST(valu AS float) AS INT))  from EndPointIOs
	where [ExecTimeStamp] between DATEADD(minute,-24,@StartTime)  and DATEADD(minute,-23,@StartTime) and EndPointID = @EPID)as '24',

		(select min(CAST(CAST(valu AS float) AS INT))  from EndPointIOs
	where [ExecTimeStamp] between DATEADD(minute,-25,@StartTime)  and DATEADD(minute,-24,@StartTime) and EndPointID = @EPID)as '25',

	(select min(CAST(CAST(valu AS float) AS INT))  from EndPointIOs
	where [ExecTimeStamp] between DATEADD(minute,-26,@StartTime)  and DATEADD(minute,-25,@StartTime) and EndPointID = @EPID)as '26',

	(select min(CAST(CAST(valu AS float) AS INT))  from EndPointIOs
	where [ExecTimeStamp] between DATEADD(minute,-27,@StartTime)  and DATEADD(minute,-26,@StartTime) and EndPointID = @EPID)as '27',

	(select min(CAST(CAST(valu AS float) AS INT))  from EndPointIOs
	where [ExecTimeStamp] between DATEADD(minute,-28,@StartTime)  and DATEADD(minute,-27,@StartTime) and EndPointID = @EPID)as '28',

	(select min(CAST(CAST(valu AS float) AS INT))  from EndPointIOs
	where [ExecTimeStamp] between DATEADD(minute,-29,@StartTime)  and DATEADD(minute,-28,@StartTime) and EndPointID = @EPID)as '29',

	(select min(CAST(CAST(valu AS float) AS INT))  from EndPointIOs
	where [ExecTimeStamp] between DATEADD(minute,-30,@StartTime)  and DATEADD(minute,-29,@StartTime) and EndPointID = @EPID)as '30',

	(select min(CAST(CAST(valu AS float) AS INT))  from EndPointIOs
	where [ExecTimeStamp] between DATEADD(minute,-31,@StartTime)  and DATEADD(minute,-30,@StartTime) and EndPointID = @EPID)as '31',

	(select min(CAST(CAST(valu AS float) AS INT))  from EndPointIOs
	where [ExecTimeStamp] between DATEADD(minute,-32,@StartTime)  and DATEADD(minute,-31,@StartTime) and EndPointID = @EPID)as '32',

	(select min(CAST(CAST(valu AS float) AS INT))  from EndPointIOs
	where [ExecTimeStamp] between DATEADD(minute,-33,@StartTime)  and DATEADD(minute,-32,@StartTime) and EndPointID = @EPID)as '33',

	(select min(CAST(CAST(valu AS float) AS INT))  from EndPointIOs
	where [ExecTimeStamp] between DATEADD(minute,-34,@StartTime)  and DATEADD(minute,-33,@StartTime) and EndPointID = @EPID)as '34',

	(select min(CAST(CAST(valu AS float) AS INT))  from EndPointIOs
	where [ExecTimeStamp] between DATEADD(minute,-35,@StartTime)  and DATEADD(minute,-34,@StartTime) and EndPointID = @EPID)as '35',

	(select min(CAST(CAST(valu AS float) AS INT))  from EndPointIOs
	where [ExecTimeStamp] between DATEADD(minute,-36,@StartTime)  and DATEADD(minute,-35,@StartTime) and EndPointID = @EPID)as '36',

	(select min(CAST(CAST(valu AS float) AS INT))  from EndPointIOs
	where [ExecTimeStamp] between DATEADD(minute,-37,@StartTime)  and DATEADD(minute,-36,@StartTime) and EndPointID = @EPID)as '37',

	(select min(CAST(CAST(valu AS float) AS INT))  from EndPointIOs
	where [ExecTimeStamp] between DATEADD(minute,-38,@StartTime)  and DATEADD(minute,-37,@StartTime) and EndPointID = @EPID)as '38',

	(select min(CAST(CAST(valu AS float) AS INT))  from EndPointIOs
	where [ExecTimeStamp] between DATEADD(minute,-39,@StartTime)  and DATEADD(minute,-38,@StartTime) and EndPointID = @EPID)as '39',

	(select min(CAST(CAST(valu AS float) AS INT))  from EndPointIOs
	where [ExecTimeStamp] between DATEADD(minute,-40,@StartTime)  and DATEADD(minute,-39,@StartTime) and EndPointID = @EPID)as '40',

	(select min(CAST(CAST(valu AS float) AS INT))  from EndPointIOs
	where [ExecTimeStamp] between DATEADD(minute,-41,@StartTime)  and DATEADD(minute,-40,@StartTime) and EndPointID = @EPID)as '41',

	(select min(CAST(CAST(valu AS float) AS INT))  from EndPointIOs
	where [ExecTimeStamp] between DATEADD(minute,-42,@StartTime)  and DATEADD(minute,-41,@StartTime) and EndPointID = @EPID)as '42',

	(select min(CAST(CAST(valu AS float) AS INT))  from EndPointIOs
	where [ExecTimeStamp] between DATEADD(minute,-43,@StartTime)  and DATEADD(minute,-42,@StartTime) and EndPointID = @EPID)as '43',

	(select min(CAST(CAST(valu AS float) AS INT))  from EndPointIOs
	where [ExecTimeStamp] between DATEADD(minute,-44,@StartTime)  and DATEADD(minute,-43,@StartTime) and EndPointID = @EPID)as '44',

	(select min(CAST(CAST(valu AS float) AS INT))  from EndPointIOs
	where [ExecTimeStamp] between DATEADD(minute,-45,@StartTime)  and DATEADD(minute,-44,@StartTime) and EndPointID = @EPID)as '45',

	(select min(CAST(CAST(valu AS float) AS INT))  from EndPointIOs
	where [ExecTimeStamp] between DATEADD(minute,-46,@StartTime)  and DATEADD(minute,-45,@StartTime) and EndPointID = @EPID)as '46',

	(select min(CAST(CAST(valu AS float) AS INT))  from EndPointIOs
	where [ExecTimeStamp] between DATEADD(minute,-47,@StartTime)  and DATEADD(minute,-46,@StartTime) and EndPointID = @EPID)as '47',

	(select min(CAST(CAST(valu AS float) AS INT))  from EndPointIOs
	where [ExecTimeStamp] between DATEADD(minute,-48,@StartTime)  and DATEADD(minute,-47,@StartTime) and EndPointID = @EPID)as '48',

		(select min(CAST(CAST(valu AS float) AS INT))  from EndPointIOs
	where [ExecTimeStamp] between DATEADD(minute,-49,@StartTime)  and DATEADD(minute,-48,@StartTime) and EndPointID = @EPID)as '49',

	(select min(CAST(CAST(valu AS float) AS INT))  from EndPointIOs
	where [ExecTimeStamp] between DATEADD(minute,-50,@StartTime)  and DATEADD(minute,-49,@StartTime) and EndPointID = @EPID)as '50',

	(select min(CAST(CAST(valu AS float) AS INT))  from EndPointIOs
	where [ExecTimeStamp] between DATEADD(minute,-51,@StartTime)  and DATEADD(minute,-50,@StartTime) and EndPointID = @EPID)as '51',

	(select min(CAST(CAST(valu AS float) AS INT))  from EndPointIOs
	where [ExecTimeStamp] between DATEADD(minute,-52,@StartTime)  and DATEADD(minute,-51,@StartTime) and EndPointID = @EPID)as '52',

	(select min(CAST(CAST(valu AS float) AS INT))  from EndPointIOs
	where [ExecTimeStamp] between DATEADD(minute,-53,@StartTime)  and DATEADD(minute,-52,@StartTime) and EndPointID = @EPID)as '53',

	(select min(CAST(CAST(valu AS float) AS INT))  from EndPointIOs
	where [ExecTimeStamp] between DATEADD(minute,-54,@StartTime)  and DATEADD(minute,-53,@StartTime) and EndPointID = @EPID)as '54',

	(select min(CAST(CAST(valu AS float) AS INT))  from EndPointIOs
	where [ExecTimeStamp] between DATEADD(minute,-55,@StartTime)  and DATEADD(minute,-54,@StartTime) and EndPointID = @EPID)as '55',

	(select min(CAST(CAST(valu AS float) AS INT))  from EndPointIOs
	where [ExecTimeStamp] between DATEADD(minute,-56,@StartTime)  and DATEADD(minute,-55,@StartTime) and EndPointID = @EPID)as '56',

	(select min(CAST(CAST(valu AS float) AS INT))  from EndPointIOs
	where [ExecTimeStamp] between DATEADD(minute,-57,@StartTime)  and DATEADD(minute,-56,@StartTime) and EndPointID = @EPID)as '57',

	(select min(CAST(CAST(valu AS float) AS INT))  from EndPointIOs
	where [ExecTimeStamp] between DATEADD(minute,-58,@StartTime)  and DATEADD(minute,-57,@StartTime) and EndPointID = @EPID)as '58',

	(select min(CAST(CAST(valu AS float) AS INT))  from EndPointIOs
	where [ExecTimeStamp] between DATEADD(minute,-59,@StartTime)  and DATEADD(minute,-58,@StartTime) and EndPointID = @EPID)as '59',

	(select min(CAST(CAST(valu AS float) AS INT))  from EndPointIOs
	where [ExecTimeStamp] between DATEADD(minute,-60,@StartTime)  and DATEADD(minute,-59,@StartTime) and EndPointID = @EPID)as '60'


from [Endpoints] e where e.ID = @EPID

union all

(
select ID,Title,'max' as 'Fx',

			(select max(CAST(CAST(valu AS float) AS INT))  from EndPointIOs
	where [ExecTimeStamp] between DATEADD(minute,-1,@StartTime)  and DATEADD(minute,-0,@StartTime) and EndPointID = @EPID)as '1',

	(select max(CAST(CAST(valu AS float) AS INT))  from EndPointIOs
	where [ExecTimeStamp] between DATEADD(minute,-2,@StartTime)  and DATEADD(minute,-1,@StartTime) and EndPointID = @EPID)as '2',

	(select max(CAST(CAST(valu AS float) AS INT))  from EndPointIOs
	where [ExecTimeStamp] between DATEADD(minute,-3,@StartTime)  and DATEADD(minute,-2,@StartTime) and EndPointID = @EPID)as '3',

	(select max(CAST(CAST(valu AS float) AS INT))  from EndPointIOs
	where [ExecTimeStamp] between DATEADD(minute,-4,@StartTime)  and DATEADD(minute,-3,@StartTime) and EndPointID = @EPID)as '4',

	(select max(CAST(CAST(valu AS float) AS INT))  from EndPointIOs
	where [ExecTimeStamp] between DATEADD(minute,-5,@StartTime)  and DATEADD(minute,-4,@StartTime) and EndPointID = @EPID)as '5',

	(select max(CAST(CAST(valu AS float) AS INT))  from EndPointIOs
	where [ExecTimeStamp] between DATEADD(minute,-6,@StartTime)  and DATEADD(minute,-5,@StartTime) and EndPointID = @EPID)as '6',

	(select max(CAST(CAST(valu AS float) AS INT))  from EndPointIOs
	where [ExecTimeStamp] between DATEADD(minute,-7,@StartTime)  and DATEADD(minute,-6,@StartTime) and EndPointID = @EPID)as '7',

	(select max(CAST(CAST(valu AS float) AS INT))  from EndPointIOs
	where [ExecTimeStamp] between DATEADD(minute,-8,@StartTime)  and DATEADD(minute,-7,@StartTime) and EndPointID = @EPID)as '8',

	(select max(CAST(CAST(valu AS float) AS INT))  from EndPointIOs
	where [ExecTimeStamp] between DATEADD(minute,-9,@StartTime)  and DATEADD(minute,-8,@StartTime) and EndPointID = @EPID)as '9',

	(select max(CAST(CAST(valu AS float) AS INT))  from EndPointIOs
	where [ExecTimeStamp] between DATEADD(minute,-10,@StartTime)  and DATEADD(minute,-9,@StartTime) and EndPointID = @EPID)as '10',

	(select max(CAST(CAST(valu AS float) AS INT))  from EndPointIOs
	where [ExecTimeStamp] between DATEADD(minute,-11,@StartTime)  and DATEADD(minute,-10,@StartTime) and EndPointID = @EPID)as '11',

	(select max(CAST(CAST(valu AS float) AS INT))  from EndPointIOs
	where [ExecTimeStamp] between DATEADD(minute,-12,@StartTime)  and DATEADD(minute,-11,@StartTime) and EndPointID = @EPID)as '12',

	(select max(CAST(CAST(valu AS float) AS INT))  from EndPointIOs
	where [ExecTimeStamp] between DATEADD(minute,-13,@StartTime)  and DATEADD(minute,-12,@StartTime) and EndPointID = @EPID)as '13',

	(select max(CAST(CAST(valu AS float) AS INT))  from EndPointIOs
	where [ExecTimeStamp] between DATEADD(minute,-14,@StartTime)  and DATEADD(minute,-13,@StartTime) and EndPointID = @EPID)as '14',

	(select max(CAST(CAST(valu AS float) AS INT))  from EndPointIOs
	where [ExecTimeStamp] between DATEADD(minute,-15,@StartTime)  and DATEADD(minute,-14,@StartTime) and EndPointID = @EPID)as '15',

	(select max(CAST(CAST(valu AS float) AS INT))  from EndPointIOs
	where [ExecTimeStamp] between DATEADD(minute,-16,@StartTime)  and DATEADD(minute,-15,@StartTime) and EndPointID = @EPID)as '16',

	(select max(CAST(CAST(valu AS float) AS INT))  from EndPointIOs
	where [ExecTimeStamp] between DATEADD(minute,-17,@StartTime)  and DATEADD(minute,-16,@StartTime) and EndPointID = @EPID)as '17',

	(select max(CAST(CAST(valu AS float) AS INT))  from EndPointIOs
	where [ExecTimeStamp] between DATEADD(minute,-18,@StartTime)  and DATEADD(minute,-17,@StartTime) and EndPointID = @EPID)as '18',

	(select max(CAST(CAST(valu AS float) AS INT))  from EndPointIOs
	where [ExecTimeStamp] between DATEADD(minute,-19,@StartTime)  and DATEADD(minute,-18,@StartTime) and EndPointID = @EPID)as '19',

	(select max(CAST(CAST(valu AS float) AS INT))  from EndPointIOs
	where [ExecTimeStamp] between DATEADD(minute,-20,@StartTime)  and DATEADD(minute,-19,@StartTime) and EndPointID = @EPID)as '20',

	(select max(CAST(CAST(valu AS float) AS INT))  from EndPointIOs
	where [ExecTimeStamp] between DATEADD(minute,-21,@StartTime)  and DATEADD(minute,-20,@StartTime) and EndPointID = @EPID)as '21',

	(select max(CAST(CAST(valu AS float) AS INT))  from EndPointIOs
	where [ExecTimeStamp] between DATEADD(minute,-22,@StartTime)  and DATEADD(minute,-21,@StartTime) and EndPointID = @EPID)as '22',

	(select max(CAST(CAST(valu AS float) AS INT))  from EndPointIOs
	where [ExecTimeStamp] between DATEADD(minute,-23,@StartTime)  and DATEADD(minute,-22,@StartTime) and EndPointID = @EPID)as '23',

	(select max(CAST(CAST(valu AS float) AS INT))  from EndPointIOs
	where [ExecTimeStamp] between DATEADD(minute,-24,@StartTime)  and DATEADD(minute,-23,@StartTime) and EndPointID = @EPID)as '24',

		(select max(CAST(CAST(valu AS float) AS INT))  from EndPointIOs
	where [ExecTimeStamp] between DATEADD(minute,-25,@StartTime)  and DATEADD(minute,-24,@StartTime) and EndPointID = @EPID)as '25',

	(select max(CAST(CAST(valu AS float) AS INT))  from EndPointIOs
	where [ExecTimeStamp] between DATEADD(minute,-26,@StartTime)  and DATEADD(minute,-25,@StartTime) and EndPointID = @EPID)as '26',

	(select max(CAST(CAST(valu AS float) AS INT))  from EndPointIOs
	where [ExecTimeStamp] between DATEADD(minute,-27,@StartTime)  and DATEADD(minute,-26,@StartTime) and EndPointID = @EPID)as '27',

	(select max(CAST(CAST(valu AS float) AS INT))  from EndPointIOs
	where [ExecTimeStamp] between DATEADD(minute,-28,@StartTime)  and DATEADD(minute,-27,@StartTime) and EndPointID = @EPID)as '28',

	(select max(CAST(CAST(valu AS float) AS INT))  from EndPointIOs
	where [ExecTimeStamp] between DATEADD(minute,-29,@StartTime)  and DATEADD(minute,-28,@StartTime) and EndPointID = @EPID)as '29',

	(select max(CAST(CAST(valu AS float) AS INT))  from EndPointIOs
	where [ExecTimeStamp] between DATEADD(minute,-30,@StartTime)  and DATEADD(minute,-29,@StartTime) and EndPointID = @EPID)as '30',

	(select max(CAST(CAST(valu AS float) AS INT))  from EndPointIOs
	where [ExecTimeStamp] between DATEADD(minute,-31,@StartTime)  and DATEADD(minute,-30,@StartTime) and EndPointID = @EPID)as '31',

	(select max(CAST(CAST(valu AS float) AS INT))  from EndPointIOs
	where [ExecTimeStamp] between DATEADD(minute,-32,@StartTime)  and DATEADD(minute,-31,@StartTime) and EndPointID = @EPID)as '32',

	(select max(CAST(CAST(valu AS float) AS INT))  from EndPointIOs
	where [ExecTimeStamp] between DATEADD(minute,-33,@StartTime)  and DATEADD(minute,-32,@StartTime) and EndPointID = @EPID)as '33',

	(select max(CAST(CAST(valu AS float) AS INT))  from EndPointIOs
	where [ExecTimeStamp] between DATEADD(minute,-34,@StartTime)  and DATEADD(minute,-33,@StartTime) and EndPointID = @EPID)as '34',

	(select max(CAST(CAST(valu AS float) AS INT))  from EndPointIOs
	where [ExecTimeStamp] between DATEADD(minute,-35,@StartTime)  and DATEADD(minute,-34,@StartTime) and EndPointID = @EPID)as '35',

	(select max(CAST(CAST(valu AS float) AS INT))  from EndPointIOs
	where [ExecTimeStamp] between DATEADD(minute,-36,@StartTime)  and DATEADD(minute,-35,@StartTime) and EndPointID = @EPID)as '36',

	(select max(CAST(CAST(valu AS float) AS INT))  from EndPointIOs
	where [ExecTimeStamp] between DATEADD(minute,-37,@StartTime)  and DATEADD(minute,-36,@StartTime) and EndPointID = @EPID)as '37',

	(select max(CAST(CAST(valu AS float) AS INT))  from EndPointIOs
	where [ExecTimeStamp] between DATEADD(minute,-38,@StartTime)  and DATEADD(minute,-37,@StartTime) and EndPointID = @EPID)as '38',

	(select max(CAST(CAST(valu AS float) AS INT))  from EndPointIOs
	where [ExecTimeStamp] between DATEADD(minute,-39,@StartTime)  and DATEADD(minute,-38,@StartTime) and EndPointID = @EPID)as '39',

	(select max(CAST(CAST(valu AS float) AS INT))  from EndPointIOs
	where [ExecTimeStamp] between DATEADD(minute,-40,@StartTime)  and DATEADD(minute,-39,@StartTime) and EndPointID = @EPID)as '40',

	(select max(CAST(CAST(valu AS float) AS INT))  from EndPointIOs
	where [ExecTimeStamp] between DATEADD(minute,-41,@StartTime)  and DATEADD(minute,-40,@StartTime) and EndPointID = @EPID)as '41',

	(select max(CAST(CAST(valu AS float) AS INT))  from EndPointIOs
	where [ExecTimeStamp] between DATEADD(minute,-42,@StartTime)  and DATEADD(minute,-41,@StartTime) and EndPointID = @EPID)as '42',

	(select max(CAST(CAST(valu AS float) AS INT))  from EndPointIOs
	where [ExecTimeStamp] between DATEADD(minute,-43,@StartTime)  and DATEADD(minute,-42,@StartTime) and EndPointID = @EPID)as '43',

	(select max(CAST(CAST(valu AS float) AS INT))  from EndPointIOs
	where [ExecTimeStamp] between DATEADD(minute,-44,@StartTime)  and DATEADD(minute,-43,@StartTime) and EndPointID = @EPID)as '44',

	(select max(CAST(CAST(valu AS float) AS INT))  from EndPointIOs
	where [ExecTimeStamp] between DATEADD(minute,-45,@StartTime)  and DATEADD(minute,-44,@StartTime) and EndPointID = @EPID)as '45',

	(select max(CAST(CAST(valu AS float) AS INT))  from EndPointIOs
	where [ExecTimeStamp] between DATEADD(minute,-46,@StartTime)  and DATEADD(minute,-45,@StartTime) and EndPointID = @EPID)as '46',

	(select max(CAST(CAST(valu AS float) AS INT))  from EndPointIOs
	where [ExecTimeStamp] between DATEADD(minute,-47,@StartTime)  and DATEADD(minute,-46,@StartTime) and EndPointID = @EPID)as '47',

	(select max(CAST(CAST(valu AS float) AS INT))  from EndPointIOs
	where [ExecTimeStamp] between DATEADD(minute,-48,@StartTime)  and DATEADD(minute,-47,@StartTime) and EndPointID = @EPID)as '48',

		(select max(CAST(CAST(valu AS float) AS INT))  from EndPointIOs
	where [ExecTimeStamp] between DATEADD(minute,-49,@StartTime)  and DATEADD(minute,-48,@StartTime) and EndPointID = @EPID)as '49',

	(select max(CAST(CAST(valu AS float) AS INT))  from EndPointIOs
	where [ExecTimeStamp] between DATEADD(minute,-50,@StartTime)  and DATEADD(minute,-49,@StartTime) and EndPointID = @EPID)as '50',

	(select max(CAST(CAST(valu AS float) AS INT))  from EndPointIOs
	where [ExecTimeStamp] between DATEADD(minute,-51,@StartTime)  and DATEADD(minute,-50,@StartTime) and EndPointID = @EPID)as '51',

	(select max(CAST(CAST(valu AS float) AS INT))  from EndPointIOs
	where [ExecTimeStamp] between DATEADD(minute,-52,@StartTime)  and DATEADD(minute,-51,@StartTime) and EndPointID = @EPID)as '52',

	(select max(CAST(CAST(valu AS float) AS INT))  from EndPointIOs
	where [ExecTimeStamp] between DATEADD(minute,-53,@StartTime)  and DATEADD(minute,-52,@StartTime) and EndPointID = @EPID)as '53',

	(select max(CAST(CAST(valu AS float) AS INT))  from EndPointIOs
	where [ExecTimeStamp] between DATEADD(minute,-54,@StartTime)  and DATEADD(minute,-53,@StartTime) and EndPointID = @EPID)as '54',

	(select max(CAST(CAST(valu AS float) AS INT))  from EndPointIOs
	where [ExecTimeStamp] between DATEADD(minute,-55,@StartTime)  and DATEADD(minute,-54,@StartTime) and EndPointID = @EPID)as '55',

	(select max(CAST(CAST(valu AS float) AS INT))  from EndPointIOs
	where [ExecTimeStamp] between DATEADD(minute,-56,@StartTime)  and DATEADD(minute,-55,@StartTime) and EndPointID = @EPID)as '56',

	(select max(CAST(CAST(valu AS float) AS INT))  from EndPointIOs
	where [ExecTimeStamp] between DATEADD(minute,-57,@StartTime)  and DATEADD(minute,-56,@StartTime) and EndPointID = @EPID)as '57',

	(select max(CAST(CAST(valu AS float) AS INT))  from EndPointIOs
	where [ExecTimeStamp] between DATEADD(minute,-58,@StartTime)  and DATEADD(minute,-57,@StartTime) and EndPointID = @EPID)as '58',

	(select max(CAST(CAST(valu AS float) AS INT))  from EndPointIOs
	where [ExecTimeStamp] between DATEADD(minute,-59,@StartTime)  and DATEADD(minute,-58,@StartTime) and EndPointID = @EPID)as '59',

	(select max(CAST(CAST(valu AS float) AS INT))  from EndPointIOs
	where [ExecTimeStamp] between DATEADD(minute,-60,@StartTime)  and DATEADD(minute,-59,@StartTime) and EndPointID = @EPID)as '60'

from [Endpoints] e where e.ID = @EPID

)
union all
(
select ID,Title,'avg' as 'Fx',

			(select avg(CAST(CAST(valu AS float) AS INT))  from EndPointIOs
	where [ExecTimeStamp] between DATEADD(minute,-1,@StartTime)  and DATEADD(minute,-0,@StartTime) and EndPointID = @EPID)as '1',

	(select avg(CAST(CAST(valu AS float) AS INT))  from EndPointIOs
	where [ExecTimeStamp] between DATEADD(minute,-2,@StartTime)  and DATEADD(minute,-1,@StartTime) and EndPointID = @EPID)as '2',

	(select avg(CAST(CAST(valu AS float) AS INT))  from EndPointIOs
	where [ExecTimeStamp] between DATEADD(minute,-3,@StartTime)  and DATEADD(minute,-2,@StartTime) and EndPointID = @EPID)as '3',

	(select avg(CAST(CAST(valu AS float) AS INT))  from EndPointIOs
	where [ExecTimeStamp] between DATEADD(minute,-4,@StartTime)  and DATEADD(minute,-3,@StartTime) and EndPointID = @EPID)as '4',

	(select avg(CAST(CAST(valu AS float) AS INT))  from EndPointIOs
	where [ExecTimeStamp] between DATEADD(minute,-5,@StartTime)  and DATEADD(minute,-4,@StartTime) and EndPointID = @EPID)as '5',

	(select avg(CAST(CAST(valu AS float) AS INT))  from EndPointIOs
	where [ExecTimeStamp] between DATEADD(minute,-6,@StartTime)  and DATEADD(minute,-5,@StartTime) and EndPointID = @EPID)as '6',

	(select avg(CAST(CAST(valu AS float) AS INT))  from EndPointIOs
	where [ExecTimeStamp] between DATEADD(minute,-7,@StartTime)  and DATEADD(minute,-6,@StartTime) and EndPointID = @EPID)as '7',

	(select avg(CAST(CAST(valu AS float) AS INT))  from EndPointIOs
	where [ExecTimeStamp] between DATEADD(minute,-8,@StartTime)  and DATEADD(minute,-7,@StartTime) and EndPointID = @EPID)as '8',

	(select avg(CAST(CAST(valu AS float) AS INT))  from EndPointIOs
	where [ExecTimeStamp] between DATEADD(minute,-9,@StartTime)  and DATEADD(minute,-8,@StartTime) and EndPointID = @EPID)as '9',

	(select avg(CAST(CAST(valu AS float) AS INT))  from EndPointIOs
	where [ExecTimeStamp] between DATEADD(minute,-10,@StartTime)  and DATEADD(minute,-9,@StartTime) and EndPointID = @EPID)as '10',

	(select avg(CAST(CAST(valu AS float) AS INT))  from EndPointIOs
	where [ExecTimeStamp] between DATEADD(minute,-11,@StartTime)  and DATEADD(minute,-10,@StartTime) and EndPointID = @EPID)as '11',

	(select avg(CAST(CAST(valu AS float) AS INT))  from EndPointIOs
	where [ExecTimeStamp] between DATEADD(minute,-12,@StartTime)  and DATEADD(minute,-11,@StartTime) and EndPointID = @EPID)as '12',

	(select avg(CAST(CAST(valu AS float) AS INT))  from EndPointIOs
	where [ExecTimeStamp] between DATEADD(minute,-13,@StartTime)  and DATEADD(minute,-12,@StartTime) and EndPointID = @EPID)as '13',

	(select avg(CAST(CAST(valu AS float) AS INT))  from EndPointIOs
	where [ExecTimeStamp] between DATEADD(minute,-14,@StartTime)  and DATEADD(minute,-13,@StartTime) and EndPointID = @EPID)as '14',

	(select avg(CAST(CAST(valu AS float) AS INT))  from EndPointIOs
	where [ExecTimeStamp] between DATEADD(minute,-15,@StartTime)  and DATEADD(minute,-14,@StartTime) and EndPointID = @EPID)as '15',

	(select avg(CAST(CAST(valu AS float) AS INT))  from EndPointIOs
	where [ExecTimeStamp] between DATEADD(minute,-16,@StartTime)  and DATEADD(minute,-15,@StartTime) and EndPointID = @EPID)as '16',

	(select avg(CAST(CAST(valu AS float) AS INT))  from EndPointIOs
	where [ExecTimeStamp] between DATEADD(minute,-17,@StartTime)  and DATEADD(minute,-16,@StartTime) and EndPointID = @EPID)as '17',

	(select avg(CAST(CAST(valu AS float) AS INT))  from EndPointIOs
	where [ExecTimeStamp] between DATEADD(minute,-18,@StartTime)  and DATEADD(minute,-17,@StartTime) and EndPointID = @EPID)as '18',

	(select avg(CAST(CAST(valu AS float) AS INT))  from EndPointIOs
	where [ExecTimeStamp] between DATEADD(minute,-19,@StartTime)  and DATEADD(minute,-18,@StartTime) and EndPointID = @EPID)as '19',

	(select avg(CAST(CAST(valu AS float) AS INT))  from EndPointIOs
	where [ExecTimeStamp] between DATEADD(minute,-20,@StartTime)  and DATEADD(minute,-19,@StartTime) and EndPointID = @EPID)as '20',

	(select avg(CAST(CAST(valu AS float) AS INT))  from EndPointIOs
	where [ExecTimeStamp] between DATEADD(minute,-21,@StartTime)  and DATEADD(minute,-20,@StartTime) and EndPointID = @EPID)as '21',

	(select avg(CAST(CAST(valu AS float) AS INT))  from EndPointIOs
	where [ExecTimeStamp] between DATEADD(minute,-22,@StartTime)  and DATEADD(minute,-21,@StartTime) and EndPointID = @EPID)as '22',

	(select avg(CAST(CAST(valu AS float) AS INT))  from EndPointIOs
	where [ExecTimeStamp] between DATEADD(minute,-23,@StartTime)  and DATEADD(minute,-22,@StartTime) and EndPointID = @EPID)as '23',

	(select avg(CAST(CAST(valu AS float) AS INT))  from EndPointIOs
	where [ExecTimeStamp] between DATEADD(minute,-24,@StartTime)  and DATEADD(minute,-23,@StartTime) and EndPointID = @EPID)as '24',

		(select avg(CAST(CAST(valu AS float) AS INT))  from EndPointIOs
	where [ExecTimeStamp] between DATEADD(minute,-25,@StartTime)  and DATEADD(minute,-24,@StartTime) and EndPointID = @EPID)as '25',

	(select avg(CAST(CAST(valu AS float) AS INT))  from EndPointIOs
	where [ExecTimeStamp] between DATEADD(minute,-26,@StartTime)  and DATEADD(minute,-25,@StartTime) and EndPointID = @EPID)as '26',

	(select avg(CAST(CAST(valu AS float) AS INT))  from EndPointIOs
	where [ExecTimeStamp] between DATEADD(minute,-27,@StartTime)  and DATEADD(minute,-26,@StartTime) and EndPointID = @EPID)as '27',

	(select avg(CAST(CAST(valu AS float) AS INT))  from EndPointIOs
	where [ExecTimeStamp] between DATEADD(minute,-28,@StartTime)  and DATEADD(minute,-27,@StartTime) and EndPointID = @EPID)as '28',

	(select avg(CAST(CAST(valu AS float) AS INT))  from EndPointIOs
	where [ExecTimeStamp] between DATEADD(minute,-29,@StartTime)  and DATEADD(minute,-28,@StartTime) and EndPointID = @EPID)as '29',

	(select avg(CAST(CAST(valu AS float) AS INT))  from EndPointIOs
	where [ExecTimeStamp] between DATEADD(minute,-30,@StartTime)  and DATEADD(minute,-29,@StartTime) and EndPointID = @EPID)as '30',

	(select avg(CAST(CAST(valu AS float) AS INT))  from EndPointIOs
	where [ExecTimeStamp] between DATEADD(minute,-31,@StartTime)  and DATEADD(minute,-30,@StartTime) and EndPointID = @EPID)as '31',

	(select avg(CAST(CAST(valu AS float) AS INT))  from EndPointIOs
	where [ExecTimeStamp] between DATEADD(minute,-32,@StartTime)  and DATEADD(minute,-31,@StartTime) and EndPointID = @EPID)as '32',

	(select avg(CAST(CAST(valu AS float) AS INT))  from EndPointIOs
	where [ExecTimeStamp] between DATEADD(minute,-33,@StartTime)  and DATEADD(minute,-32,@StartTime) and EndPointID = @EPID)as '33',

	(select avg(CAST(CAST(valu AS float) AS INT))  from EndPointIOs
	where [ExecTimeStamp] between DATEADD(minute,-34,@StartTime)  and DATEADD(minute,-33,@StartTime) and EndPointID = @EPID)as '34',

	(select avg(CAST(CAST(valu AS float) AS INT))  from EndPointIOs
	where [ExecTimeStamp] between DATEADD(minute,-35,@StartTime)  and DATEADD(minute,-34,@StartTime) and EndPointID = @EPID)as '35',

	(select avg(CAST(CAST(valu AS float) AS INT))  from EndPointIOs
	where [ExecTimeStamp] between DATEADD(minute,-36,@StartTime)  and DATEADD(minute,-35,@StartTime) and EndPointID = @EPID)as '36',

	(select avg(CAST(CAST(valu AS float) AS INT))  from EndPointIOs
	where [ExecTimeStamp] between DATEADD(minute,-37,@StartTime)  and DATEADD(minute,-36,@StartTime) and EndPointID = @EPID)as '37',

	(select avg(CAST(CAST(valu AS float) AS INT))  from EndPointIOs
	where [ExecTimeStamp] between DATEADD(minute,-38,@StartTime)  and DATEADD(minute,-37,@StartTime) and EndPointID = @EPID)as '38',

	(select avg(CAST(CAST(valu AS float) AS INT))  from EndPointIOs
	where [ExecTimeStamp] between DATEADD(minute,-39,@StartTime)  and DATEADD(minute,-38,@StartTime) and EndPointID = @EPID)as '39',

	(select avg(CAST(CAST(valu AS float) AS INT))  from EndPointIOs
	where [ExecTimeStamp] between DATEADD(minute,-40,@StartTime)  and DATEADD(minute,-39,@StartTime) and EndPointID = @EPID)as '40',

	(select avg(CAST(CAST(valu AS float) AS INT))  from EndPointIOs
	where [ExecTimeStamp] between DATEADD(minute,-41,@StartTime)  and DATEADD(minute,-40,@StartTime) and EndPointID = @EPID)as '41',

	(select avg(CAST(CAST(valu AS float) AS INT))  from EndPointIOs
	where [ExecTimeStamp] between DATEADD(minute,-42,@StartTime)  and DATEADD(minute,-41,@StartTime) and EndPointID = @EPID)as '42',

	(select avg(CAST(CAST(valu AS float) AS INT))  from EndPointIOs
	where [ExecTimeStamp] between DATEADD(minute,-43,@StartTime)  and DATEADD(minute,-42,@StartTime) and EndPointID = @EPID)as '43',

	(select avg(CAST(CAST(valu AS float) AS INT))  from EndPointIOs
	where [ExecTimeStamp] between DATEADD(minute,-44,@StartTime)  and DATEADD(minute,-43,@StartTime) and EndPointID = @EPID)as '44',

	(select avg(CAST(CAST(valu AS float) AS INT))  from EndPointIOs
	where [ExecTimeStamp] between DATEADD(minute,-45,@StartTime)  and DATEADD(minute,-44,@StartTime) and EndPointID = @EPID)as '45',

	(select avg(CAST(CAST(valu AS float) AS INT))  from EndPointIOs
	where [ExecTimeStamp] between DATEADD(minute,-46,@StartTime)  and DATEADD(minute,-45,@StartTime) and EndPointID = @EPID)as '46',

	(select avg(CAST(CAST(valu AS float) AS INT))  from EndPointIOs
	where [ExecTimeStamp] between DATEADD(minute,-47,@StartTime)  and DATEADD(minute,-46,@StartTime) and EndPointID = @EPID)as '47',

	(select avg(CAST(CAST(valu AS float) AS INT))  from EndPointIOs
	where [ExecTimeStamp] between DATEADD(minute,-48,@StartTime)  and DATEADD(minute,-47,@StartTime) and EndPointID = @EPID)as '48',

		(select avg(CAST(CAST(valu AS float) AS INT))  from EndPointIOs
	where [ExecTimeStamp] between DATEADD(minute,-49,@StartTime)  and DATEADD(minute,-48,@StartTime) and EndPointID = @EPID)as '49',

	(select avg(CAST(CAST(valu AS float) AS INT))  from EndPointIOs
	where [ExecTimeStamp] between DATEADD(minute,-50,@StartTime)  and DATEADD(minute,-49,@StartTime) and EndPointID = @EPID)as '50',

	(select avg(CAST(CAST(valu AS float) AS INT))  from EndPointIOs
	where [ExecTimeStamp] between DATEADD(minute,-51,@StartTime)  and DATEADD(minute,-50,@StartTime) and EndPointID = @EPID)as '51',

	(select avg(CAST(CAST(valu AS float) AS INT))  from EndPointIOs
	where [ExecTimeStamp] between DATEADD(minute,-52,@StartTime)  and DATEADD(minute,-51,@StartTime) and EndPointID = @EPID)as '52',

	(select avg(CAST(CAST(valu AS float) AS INT))  from EndPointIOs
	where [ExecTimeStamp] between DATEADD(minute,-53,@StartTime)  and DATEADD(minute,-52,@StartTime) and EndPointID = @EPID)as '53',

	(select avg(CAST(CAST(valu AS float) AS INT))  from EndPointIOs
	where [ExecTimeStamp] between DATEADD(minute,-54,@StartTime)  and DATEADD(minute,-53,@StartTime) and EndPointID = @EPID)as '54',

	(select avg(CAST(CAST(valu AS float) AS INT))  from EndPointIOs
	where [ExecTimeStamp] between DATEADD(minute,-55,@StartTime)  and DATEADD(minute,-54,@StartTime) and EndPointID = @EPID)as '55',

	(select avg(CAST(CAST(valu AS float) AS INT))  from EndPointIOs
	where [ExecTimeStamp] between DATEADD(minute,-56,@StartTime)  and DATEADD(minute,-55,@StartTime) and EndPointID = @EPID)as '56',

	(select avg(CAST(CAST(valu AS float) AS INT))  from EndPointIOs
	where [ExecTimeStamp] between DATEADD(minute,-57,@StartTime)  and DATEADD(minute,-56,@StartTime) and EndPointID = @EPID)as '57',

	(select avg(CAST(CAST(valu AS float) AS INT))  from EndPointIOs
	where [ExecTimeStamp] between DATEADD(minute,-58,@StartTime)  and DATEADD(minute,-57,@StartTime) and EndPointID = @EPID)as '58',

	(select avg(CAST(CAST(valu AS float) AS INT))  from EndPointIOs
	where [ExecTimeStamp] between DATEADD(minute,-59,@StartTime)  and DATEADD(minute,-58,@StartTime) and EndPointID = @EPID)as '59',

	(select avg(CAST(CAST(valu AS float) AS INT))  from EndPointIOs
	where [ExecTimeStamp] between DATEADD(minute,-60,@StartTime)  and DATEADD(minute,-59,@StartTime) and EndPointID = @EPID)as '60'



from [Endpoints] e where e.ID = @EPID

)
end
GO
/****** Object:  StoredProcedure [dbo].[Rpt_EndPoint_IOs_MonthAVG]    Script Date: 6/22/2016 10:00:50 PM ******/
SET ANSI_NULLS ON
GO
SET QUOTED_IDENTIFIER ON
GO
CREATE procedure [dbo].[Rpt_EndPoint_IOs_MonthAVG] 
 @EPID bigint
 as
 begin
 SET NOCOUNT ON
 select ID,Title, 

	(select avg(CAST(CAST(valu AS float) AS INT))  from EndPointIOs
	where [ExecTimeStamp] between '1-1-2016' and '1-31-2016' and EndPointID = @EPID)as '1',

	(select avg(CAST(CAST(valu AS float) AS INT))  from EndPointIOs
	where [ExecTimeStamp] between '2-1-2016' and '2-28-2016' and EndPointID = @EPID)as '2',

	(select avg(CAST(CAST(valu AS float) AS INT))  from EndPointIOs
	where [ExecTimeStamp] between '3-1-2016' and '3-31-2016' and EndPointID = @EPID)as '3',

	(select avg(CAST(CAST(valu AS float) AS INT))  from EndPointIOs
	where [ExecTimeStamp] between '4-1-2016' and '4-30-2016' and EndPointID = @EPID)as '4',

	(select avg(CAST(CAST(valu AS float) AS INT))  from EndPointIOs
	where [ExecTimeStamp] between '5-1-2016' and '5-31-2016' and EndPointID = @EPID)as '5',

	(select avg(CAST(CAST(valu AS float) AS INT))  from EndPointIOs
	where [ExecTimeStamp] between '6-1-2016' and '6-30-2016' and EndPointID = @EPID)as '6',

		(select avg(CAST(CAST(valu AS float) AS INT))  from EndPointIOs
	where [ExecTimeStamp] between '7-1-2016' and '7-30-2016' and EndPointID = @EPID)as '7',

		(select avg(CAST(CAST(valu AS float) AS INT))  from EndPointIOs
	where [ExecTimeStamp] between '8-1-2016' and '8-31-2016' and EndPointID = @EPID)as '8',

		(select avg(CAST(CAST(valu AS float) AS INT))  from EndPointIOs
	where [ExecTimeStamp] between '9-1-2016' and '9-30-2016' and EndPointID = @EPID)as '9',

		(select avg(CAST(CAST(valu AS float) AS INT))  from EndPointIOs
	where [ExecTimeStamp] between '10-1-2016' and '10-31-2016' and EndPointID = @EPID)as '10',

		(select avg(CAST(CAST(valu AS float) AS INT))  from EndPointIOs
	where [ExecTimeStamp] between '11-1-2016' and '11-30-2016' and EndPointID = @EPID)as '11',

		(select avg(CAST(CAST(valu AS float) AS INT))  from EndPointIOs
	where [ExecTimeStamp] between '12-1-2016' and '12-31-2016' and EndPointID = @EPID)as '12'

from [Endpoints] e where e.ID = @EPID
end
GO
/****** Object:  StoredProcedure [dbo].[Rpt_EndPoint_IOs_MonthMAX]    Script Date: 6/22/2016 10:00:50 PM ******/
SET ANSI_NULLS ON
GO
SET QUOTED_IDENTIFIER ON
GO
create procedure [dbo].[Rpt_EndPoint_IOs_MonthMAX] 
 @EPID bigint
 as
 begin
 SET NOCOUNT ON
 select ID,Title, 

	(select max(CAST(CAST(valu AS float) AS INT))  from EndPointIOs
	where [ExecTimeStamp] between '1-1-2016' and '1-31-2016' and EndPointID = @EPID)as '1',

	(select max(CAST(CAST(valu AS float) AS INT))  from EndPointIOs
	where [ExecTimeStamp] between '2-1-2016' and '2-28-2016' and EndPointID = @EPID)as '2',

	(select max(CAST(CAST(valu AS float) AS INT))  from EndPointIOs
	where [ExecTimeStamp] between '3-1-2016' and '3-31-2016' and EndPointID = @EPID)as '3',

	(select max(CAST(CAST(valu AS float) AS INT))  from EndPointIOs
	where [ExecTimeStamp] between '4-1-2016' and '4-30-2016' and EndPointID = @EPID)as '4',

	(select max(CAST(CAST(valu AS float) AS INT))  from EndPointIOs
	where [ExecTimeStamp] between '5-1-2016' and '5-31-2016' and EndPointID = @EPID)as '5',

	(select max(CAST(CAST(valu AS float) AS INT))  from EndPointIOs
	where [ExecTimeStamp] between '6-1-2016' and '6-30-2016' and EndPointID = @EPID)as '6',

		(select max(CAST(CAST(valu AS float) AS INT))  from EndPointIOs
	where [ExecTimeStamp] between '7-1-2016' and '7-30-2016' and EndPointID = @EPID)as '7',

		(select max(CAST(CAST(valu AS float) AS INT))  from EndPointIOs
	where [ExecTimeStamp] between '8-1-2016' and '8-31-2016' and EndPointID = @EPID)as '8',

		(select max(CAST(CAST(valu AS float) AS INT))  from EndPointIOs
	where [ExecTimeStamp] between '9-1-2016' and '9-30-2016' and EndPointID = @EPID)as '9',

		(select max(CAST(CAST(valu AS float) AS INT))  from EndPointIOs
	where [ExecTimeStamp] between '10-1-2016' and '10-31-2016' and EndPointID = @EPID)as '10',

		(select max(CAST(CAST(valu AS float) AS INT))  from EndPointIOs
	where [ExecTimeStamp] between '11-1-2016' and '11-30-2016' and EndPointID = @EPID)as '11',

		(select max(CAST(CAST(valu AS float) AS INT))  from EndPointIOs
	where [ExecTimeStamp] between '12-1-2016' and '12-31-2016' and EndPointID = @EPID)as '12'

from [Endpoints] e where e.ID = @EPID
end
GO
/****** Object:  StoredProcedure [dbo].[Rpt_EndPoint_IOs_Months]    Script Date: 6/22/2016 10:00:50 PM ******/
SET ANSI_NULLS ON
GO
SET QUOTED_IDENTIFIER ON
GO
CREATE procedure [dbo].[Rpt_EndPoint_IOs_Months] 
 @EPID bigint,
 @Year nvarchar(4)
 as
 begin
 SET NOCOUNT ON
 select ID,Title,'Min' as 'Fx',

	(select min(CAST(CAST(valu AS float) AS INT))  from EndPointIOs
	where MONTH(ExecTimeStamp) = 1 and Year(ExecTimeStamp) = @Year and EndPointID = @EPID)as '1',

	(select min(CAST(CAST(valu AS float) AS INT))  from EndPointIOs
	where MONTH(ExecTimeStamp) = 2 and Year(ExecTimeStamp) = @Year and EndPointID = @EPID)as '2',

	(select min(CAST(CAST(valu AS float) AS INT))  from EndPointIOs
	where MONTH(ExecTimeStamp) = 3 and Year(ExecTimeStamp) = @Year and EndPointID = @EPID)as '3',

	(select min(CAST(CAST(valu AS float) AS INT))  from EndPointIOs
	where MONTH(ExecTimeStamp) = 4 and Year(ExecTimeStamp) = @Year and EndPointID = @EPID)as '4',

	(select min(CAST(CAST(valu AS float) AS INT))  from EndPointIOs
	where MONTH(ExecTimeStamp) = 5 and Year(ExecTimeStamp) = @Year and EndPointID = @EPID)as '5',

	(select min(CAST(CAST(valu AS float) AS INT))  from EndPointIOs
	where MONTH(ExecTimeStamp) = 6 and Year(ExecTimeStamp) = @Year and EndPointID = @EPID)as '6',

		(select min(CAST(CAST(valu AS float) AS INT))  from EndPointIOs
	where MONTH(ExecTimeStamp) = 7 and Year(ExecTimeStamp) = @Year and EndPointID = @EPID)as '7',

		(select min(CAST(CAST(valu AS float) AS INT))  from EndPointIOs
	where MONTH(ExecTimeStamp) = 8 and Year(ExecTimeStamp) = @Year and EndPointID = @EPID)as '8',

		(select min(CAST(CAST(valu AS float) AS INT))  from EndPointIOs
	where MONTH(ExecTimeStamp) = 9 and Year(ExecTimeStamp) = @Year and EndPointID = @EPID)as '9',

		(select min(CAST(CAST(valu AS float) AS INT))  from EndPointIOs
	where MONTH(ExecTimeStamp) = 10 and Year(ExecTimeStamp) = @Year and EndPointID = @EPID)as '10',

		(select min(CAST(CAST(valu AS float) AS INT))  from EndPointIOs
	where MONTH(ExecTimeStamp) = 11 and Year(ExecTimeStamp) = @Year and EndPointID = @EPID)as '11',

		(select min(CAST(CAST(valu AS float) AS INT))  from EndPointIOs
	where MONTH(ExecTimeStamp) = 12 and Year(ExecTimeStamp) = @Year and EndPointID = @EPID)as '12'

from [Endpoints] e where e.ID = @EPID

union all(

  select ID,Title,'max' as 'Fx',

	(select max(CAST(CAST(valu AS float) AS INT))  from EndPointIOs
	where MONTH(ExecTimeStamp) = 1 and Year(ExecTimeStamp) = @Year and EndPointID = @EPID)as '1',

	(select max(CAST(CAST(valu AS float) AS INT))  from EndPointIOs
	where MONTH(ExecTimeStamp) = 2 and Year(ExecTimeStamp) = @Year and EndPointID = @EPID)as '2',

	(select max(CAST(CAST(valu AS float) AS INT))  from EndPointIOs
	where MONTH(ExecTimeStamp) = 3 and Year(ExecTimeStamp) = @Year and EndPointID = @EPID)as '3',

	(select max(CAST(CAST(valu AS float) AS INT))  from EndPointIOs
	where MONTH(ExecTimeStamp) = 4 and Year(ExecTimeStamp) = @Year and EndPointID = @EPID)as '4',

	(select max(CAST(CAST(valu AS float) AS INT))  from EndPointIOs
	where MONTH(ExecTimeStamp) = 5 and Year(ExecTimeStamp) = @Year and EndPointID = @EPID)as '5',

	(select max(CAST(CAST(valu AS float) AS INT))  from EndPointIOs
	where MONTH(ExecTimeStamp) = 6 and Year(ExecTimeStamp) = @Year and EndPointID = @EPID)as '6',

		(select max(CAST(CAST(valu AS float) AS INT))  from EndPointIOs
	where MONTH(ExecTimeStamp) = 7 and Year(ExecTimeStamp) = @Year and EndPointID = @EPID)as '7',

		(select max(CAST(CAST(valu AS float) AS INT))  from EndPointIOs
	where MONTH(ExecTimeStamp) = 8 and Year(ExecTimeStamp) = @Year and EndPointID = @EPID)as '8',

		(select max(CAST(CAST(valu AS float) AS INT))  from EndPointIOs
	where MONTH(ExecTimeStamp) = 9 and Year(ExecTimeStamp) = @Year and EndPointID = @EPID)as '9',

		(select max(CAST(CAST(valu AS float) AS INT))  from EndPointIOs
	where MONTH(ExecTimeStamp) = 10 and Year(ExecTimeStamp) = @Year and EndPointID = @EPID)as '10',

		(select max(CAST(CAST(valu AS float) AS INT))  from EndPointIOs
	where MONTH(ExecTimeStamp) = 11 and Year(ExecTimeStamp) = @Year and EndPointID = @EPID)as '11',

		(select max(CAST(CAST(valu AS float) AS INT))  from EndPointIOs
	where MONTH(ExecTimeStamp) = 12 and Year(ExecTimeStamp) = @Year and EndPointID = @EPID)as '12'

from [Endpoints] e where e.ID = @EPID

)union all(

  select ID,Title,'avg' as 'Fx',

	(select avg(CAST(CAST(valu AS float) AS INT))  from EndPointIOs
	where MONTH(ExecTimeStamp) = 1 and Year(ExecTimeStamp) = @Year and EndPointID = @EPID)as '1',

	(select avg(CAST(CAST(valu AS float) AS INT))  from EndPointIOs
	where MONTH(ExecTimeStamp) = 2 and Year(ExecTimeStamp) = @Year and EndPointID = @EPID)as '2',

	(select avg(CAST(CAST(valu AS float) AS INT))  from EndPointIOs
	where MONTH(ExecTimeStamp) = 3 and Year(ExecTimeStamp) = @Year and EndPointID = @EPID)as '3',

	(select avg(CAST(CAST(valu AS float) AS INT))  from EndPointIOs
	where MONTH(ExecTimeStamp) = 4 and Year(ExecTimeStamp) = @Year and EndPointID = @EPID)as '4',

	(select avg(CAST(CAST(valu AS float) AS INT))  from EndPointIOs
	where MONTH(ExecTimeStamp) = 5 and Year(ExecTimeStamp) = @Year and EndPointID = @EPID)as '5',

	(select avg(CAST(CAST(valu AS float) AS INT))  from EndPointIOs
	where MONTH(ExecTimeStamp) = 6 and Year(ExecTimeStamp) = @Year and EndPointID = @EPID)as '6',

		(select avg(CAST(CAST(valu AS float) AS INT))  from EndPointIOs
	where MONTH(ExecTimeStamp) = 7 and Year(ExecTimeStamp) = @Year and EndPointID = @EPID)as '7',

		(select avg(CAST(CAST(valu AS float) AS INT))  from EndPointIOs
	where MONTH(ExecTimeStamp) = 8 and Year(ExecTimeStamp) = @Year and EndPointID = @EPID)as '8',

		(select avg(CAST(CAST(valu AS float) AS INT))  from EndPointIOs
	where MONTH(ExecTimeStamp) = 9 and Year(ExecTimeStamp) = @Year and EndPointID = @EPID)as '9',

		(select avg(CAST(CAST(valu AS float) AS INT))  from EndPointIOs
	where MONTH(ExecTimeStamp) = 10 and Year(ExecTimeStamp) = @Year and EndPointID = @EPID)as '10',

		(select avg(CAST(CAST(valu AS float) AS INT))  from EndPointIOs
	where MONTH(ExecTimeStamp) = 11 and Year(ExecTimeStamp) = @Year and EndPointID = @EPID)as '11',

		(select avg(CAST(CAST(valu AS float) AS INT))  from EndPointIOs
	where MONTH(ExecTimeStamp) = 12 and Year(ExecTimeStamp) = @Year and EndPointID = @EPID)as '12'

from [Endpoints] e where e.ID = @EPID

)
end
GO
/****** Object:  Trigger [dbo].[TR_NewUser]    Script Date: 6/22/2016 10:00:50 PM ******/
SET ANSI_NULLS ON
GO
SET QUOTED_IDENTIFIER ON
GO
create trigger [dbo].[TR_NewUser] on [dbo].[AspNetUsers]
for insert
as 
begin
declare @UserName nvarchar(256)
select @UserName =  UserName from inserted
update AspNetUsers set FullName = @UserName where UserName = @UserName

end
GO
USE [master]
GO
ALTER DATABASE [DynThings] SET  READ_WRITE 
GO
