<?xml version="1.0"?>
<doc>
    <assembly>
        <name>DynThings.WebPortal</name>
    </assembly>
    <members>
        <member name="M:DynThings.WebPortal.Controllers.API.AppAccountController.Validate(System.Guid)">
            <summary>
            Validate the AppKey registration.
            </summary>
            <param name="appKey">The AppKey to be validated.</param>
            <returns>APIRespone includes the result.</returns>
        </member>
        <member name="M:DynThings.WebPortal.Controllers.AppsController.ListPV(System.String,System.Int32,System.Int32)">
            <summary>
            Return list of apps in partial view
            </summary>
            <param name="searchfor">Search content</param>
            <param name="page">Page Number</param>
            <param name="recordsperpage">Apps records per page</param>
            <returns></returns>
        </member>
        <member name="M:DynThings.WebPortal.Controllers.AppsController.DetailsPV(System.Int32)">
            <summary>
            Return App main details
            </summary>
            <param name="id">App ID</param>
            <returns>App Object</returns>
        </member>
        <member name="M:DynThings.WebPortal.Controllers.ConnectivityController.Rpt_LastHourConnectionsPerMinutes">
            <summary>
            Return HighChart object, represent the connections per minutes in the last hour
            </summary>
            <returns></returns>
        </member>
        <member name="M:DynThings.WebPortal.Controllers.ConnectivityController.Widget_LastHourConnectionsCount">
            <summary>
            
            </summary>
            <returns></returns>
        </member>
        <member name="M:DynThings.WebPortal.Controllers.StoreAppsController.ListPV(System.String,System.Int32,System.Int32)">
            <summary>
            Return list of apps in partial view
            </summary>
            <param name="searchfor">Search content</param>
            <param name="page">Page Number</param>
            <param name="recordsperpage">Apps records per page</param>
            <returns></returns>
        </member>
    </members>
</doc>
